index,Sales Person,Country,Product,Date,Year,Month,Month Label,Quarter,Predicted Amount,Predicted Boxes Shipped
2188,Jehu Rudeforth,UK,Mint Chip Choco,2025-01-04,2025,1,2024-01,1,6721.814,188.70093
2189,Van Tuxwell,India,85% Dark Bars,2025-08-01,2025,8,2024-08,3,8642.314,120.37833
2190,Gigi Bohling,India,Peanut Butter Cubes,2025-07-07,2025,7,2024-07,3,4927.8857,100.33643
2191,Jan Morforth,Australia,Peanut Butter Cubes,2025-04-27,2025,4,2024-04,2,12768.768,144.58852
2192,Jehu Rudeforth,UK,Peanut Butter Cubes,2025-02-24,2025,2,2024-02,1,11666.239,136.5105
2193,Van Tuxwell,India,Smooth Silky Salty,2025-06-06,2025,6,2024-06,2,7039.058,161.83789
2194,Oby Sorrel,UK,99% Dark & Pure,2025-01-25,2025,1,2024-01,1,12456.386,150.03981
2195,Gunar Cockshoot,Australia,After Nines,2025-03-24,2025,3,2024-03,1,3871.4463,133.09354
2196,Jehu Rudeforth,New Zealand,50% Dark Bites,2025-04-20,2025,4,2024-04,2,3485.127,124.940506
2197,Brien Boise,Australia,99% Dark & Pure,2025-07-04,2025,7,2024-07,3,9719.04,130.97964
2198,Rafaelita Blaksland,UK,Smooth Silky Salty,2025-01-13,2025,1,2024-01,1,7362.882,189.59152
2199,Barr Faughny,USA,Orange Choco,2025-03-10,2025,3,2024-03,1,7528.6514,142.41661
2200,Mallorie Waber,Canada,Eclairs,2025-01-13,2025,1,2024-01,1,4643.894,162.09505
2201,Karlen McCaffrey,New Zealand,Drinking Choco,2025-07-28,2025,7,2024-07,3,2740.3843,147.21147
2202,Marney O'Breen,New Zealand,Peanut Butter Cubes,2025-08-03,2025,8,2024-08,3,6207.276,174.16524
2203,Beverie Moffet,Australia,Organic Choco Syrup,2025-01-26,2025,1,2024-01,1,3343.2192,141.12851
2204,Van Tuxwell,Canada,Organic Choco Syrup,2025-02-14,2025,2,2024-02,1,9659.264,182.60524
2205,Roddy Speechley,USA,Smooth Silky Salty,2025-04-05,2025,4,2024-04,2,4732.8877,151.15129
2206,Beverie Moffet,Canada,Milk Bars,2025-02-16,2025,2,2024-02,1,10599.683,146.12228
2207,Curtice Advani,UK,85% Dark Bars,2025-06-08,2025,6,2024-06,2,1685.8386,100.210144
2208,Brien Boise,Australia,Eclairs,2025-06-27,2025,6,2024-06,2,5960.8247,120.15008
2209,Gunar Cockshoot,USA,Spicy Special Slims,2025-02-17,2025,2,2024-02,1,5900.1094,165.02942
2210,Marney O'Breen,USA,After Nines,2025-05-30,2025,5,2024-05,2,3186.8052,147.28539
2211,Husein Augar,UK,Drinking Choco,2025-03-14,2025,3,2024-03,1,4812.147,116.47804
2212,Kaine Padly,Australia,Eclairs,2025-02-28,2025,2,2024-02,1,13045.94,105.51407
2213,Karlen McCaffrey,India,Fruit & Nut Bars,2025-01-26,2025,1,2024-01,1,192.64803,113.968414
2214,Roddy Speechley,Canada,Spicy Special Slims,2025-02-09,2025,2,2024-02,1,4739.5903,137.66785
2215,Husein Augar,USA,Eclairs,2025-07-07,2025,7,2024-07,3,4801.002,125.74555
2216,Dennison Crosswaite,New Zealand,White Choc,2025-07-05,2025,7,2024-07,3,8959.758,129.32036
2217,Dennison Crosswaite,New Zealand,Manuka Honey Choco,2025-06-15,2025,6,2024-06,2,6919.7183,109.66147
2218,Van Tuxwell,New Zealand,85% Dark Bars,2025-05-24,2025,5,2024-05,2,3319.158,143.37383
2219,Rafaelita Blaksland,UK,99% Dark & Pure,2025-06-29,2025,6,2024-06,2,10720.364,159.1142
2220,Wilone O'Kielt,Australia,Manuka Honey Choco,2025-05-11,2025,5,2024-05,2,3533.991,151.62744
2221,Karlen McCaffrey,UK,Almond Choco,2025-06-30,2025,6,2024-06,2,11216.687,120.53505
2222,Andria Kimpton,Canada,After Nines,2025-05-11,2025,5,2024-05,2,1668.6482,137.69643
2223,Roddy Speechley,USA,Manuka Honey Choco,2025-07-22,2025,7,2024-07,3,10353.942,148.24484
2224,Andria Kimpton,UK,50% Dark Bites,2025-08-24,2025,8,2024-08,3,7457.946,132.17476
2225,Kelci Walkden,New Zealand,After Nines,2025-07-07,2025,7,2024-07,3,3898.1177,159.02748
2226,Camilla Castle,Australia,85% Dark Bars,2025-05-19,2025,5,2024-05,2,4307.7905,166.59372
2227,Karlen McCaffrey,India,Manuka Honey Choco,2025-07-04,2025,7,2024-07,3,4305.2017,163.56624
2228,Kelci Walkden,USA,After Nines,2025-06-02,2025,6,2024-06,2,4993.476,156.58171
2229,Karlen McCaffrey,USA,Raspberry Choco,2025-04-15,2025,4,2024-04,2,15500.306,115.40901
2230,Mallorie Waber,Canada,Choco Coated Almonds,2025-07-11,2025,7,2024-07,3,7716.852,136.76459
2231,Andria Kimpton,India,Spicy Special Slims,2025-02-23,2025,2,2024-02,1,3909.8552,138.07475
2232,Madelene Upcott,Canada,Almond Choco,2025-08-22,2025,8,2024-08,3,11676.1875,135.0607
2233,Kaine Padly,USA,Peanut Butter Cubes,2025-02-16,2025,2,2024-02,1,6391.9766,149.55179
2234,Van Tuxwell,USA,50% Dark Bites,2025-01-13,2025,1,2024-01,1,7161.7705,132.64037
2235,Curtice Advani,Australia,Milk Bars,2025-02-14,2025,2,2024-02,1,6862.8447,100.54898
2236,Roddy Speechley,India,Eclairs,2025-06-10,2025,6,2024-06,2,5548.5063,131.7283
2237,Curtice Advani,India,Fruit & Nut Bars,2025-07-07,2025,7,2024-07,3,6138.8906,164.90843
2238,Curtice Advani,Canada,Almond Choco,2025-03-24,2025,3,2024-03,1,3527.8828,147.38353
2239,Brien Boise,Australia,Fruit & Nut Bars,2025-06-06,2025,6,2024-06,2,11102.501,108.668846
2240,Dotty Strutley,Australia,Drinking Choco,2025-07-19,2025,7,2024-07,3,1264.0082,146.90205
2241,Beverie Moffet,USA,Raspberry Choco,2025-04-19,2025,4,2024-04,2,22369.256,153.80458
2242,Marney O'Breen,India,85% Dark Bars,2025-07-19,2025,7,2024-07,3,1220.7463,131.67572
2243,Jehu Rudeforth,Canada,Drinking Choco,2025-07-15,2025,7,2024-07,3,4144.315,142.3861
2244,Ches Bonnell,New Zealand,Spicy Special Slims,2025-02-14,2025,2,2024-02,1,5796.142,149.99712
2245,Brien Boise,Canada,99% Dark & Pure,2025-05-18,2025,5,2024-05,2,17155.02,122.822334
2246,Barr Faughny,Australia,Fruit & Nut Bars,2025-06-30,2025,6,2024-06,2,15090.648,112.981804
2247,Andria Kimpton,Australia,50% Dark Bites,2025-06-02,2025,6,2024-06,2,3930.6938,146.58179
2248,Andria Kimpton,Australia,Drinking Choco,2025-06-28,2025,6,2024-06,2,1964.0967,157.58232
2249,Marney O'Breen,Australia,Organic Choco Syrup,2025-05-16,2025,5,2024-05,2,7388.197,104.084724
2250,Kelci Walkden,Canada,Baker's Choco Chips,2025-05-26,2025,5,2024-05,2,6237.3804,166.15778
2251,Karlen McCaffrey,India,Almond Choco,2025-07-06,2025,7,2024-07,3,7327.301,117.37507
2252,Oby Sorrel,India,99% Dark & Pure,2025-05-27,2025,5,2024-05,2,16057.817,121.76154
2253,Wilone O'Kielt,Australia,Caramel Stuffed Bars,2025-04-14,2025,4,2024-04,2,2910.314,88.278824
2254,Van Tuxwell,Australia,Organic Choco Syrup,2025-08-10,2025,8,2024-08,3,16990.277,125.48016
2255,Camilla Castle,India,50% Dark Bites,2025-07-04,2025,7,2024-07,3,11840.022,117.74882
2256,Oby Sorrel,India,Organic Choco Syrup,2025-07-08,2025,7,2024-07,3,12972.849,128.62914
2257,Jan Morforth,USA,Peanut Butter Cubes,2025-07-22,2025,7,2024-07,3,10058.856,157.21347
2258,Gigi Bohling,USA,Choco Coated Almonds,2025-03-02,2025,3,2024-03,1,18188.143,125.80754
2259,Gigi Bohling,UK,Almond Choco,2025-01-10,2025,1,2024-01,1,7232.175,148.90634
2260,Jehu Rudeforth,New Zealand,White Choc,2025-03-11,2025,3,2024-03,1,3084.7307,133.82695
2261,Andria Kimpton,New Zealand,Peanut Butter Cubes,2025-06-20,2025,6,2024-06,2,2904.4785,201.74147
2262,Van Tuxwell,UK,Organic Choco Syrup,2025-08-26,2025,8,2024-08,3,12749.612,146.05688
2263,Roddy Speechley,Canada,Milk Bars,2025-07-13,2025,7,2024-07,3,3708.4539,124.46662
2264,Camilla Castle,USA,Spicy Special Slims,2025-02-11,2025,2,2024-02,1,4670.1987,161.87086
2265,Marney O'Breen,USA,Orange Choco,2025-01-27,2025,1,2024-01,1,8082.406,138.30911
2266,Van Tuxwell,UK,99% Dark & Pure,2025-01-31,2025,1,2024-01,1,7828.0103,137.25108
2267,Camilla Castle,USA,White Choc,2025-08-18,2025,8,2024-08,3,13269.849,121.130844
2268,Andria Kimpton,USA,Raspberry Choco,2025-06-30,2025,6,2024-06,2,20046.352,139.4244
2269,Dotty Strutley,Australia,Fruit & Nut Bars,2025-08-23,2025,8,2024-08,3,925.92053,139.87442
2270,Brien Boise,New Zealand,Mint Chip Choco,2025-08-01,2025,8,2024-08,3,4587.307,146.29388
2271,Roddy Speechley,New Zealand,After Nines,2025-05-25,2025,5,2024-05,2,5437.5063,132.851
2272,Roddy Speechley,Canada,Organic Choco Syrup,2025-01-10,2025,1,2024-01,1,2915.3914,159.22754
2273,Dennison Crosswaite,Australia,70% Dark Bites,2025-02-07,2025,2,2024-02,1,6969.2617,118.07461
2274,Karlen McCaffrey,USA,Orange Choco,2025-05-12,2025,5,2024-05,2,11770.454,154.86601
2275,Madelene Upcott,Australia,Spicy Special Slims,2025-03-07,2025,3,2024-03,1,10695.852,133.28342
2276,Dennison Crosswaite,Australia,85% Dark Bars,2025-04-05,2025,4,2024-04,2,8157.8267,141.86923
2277,Andria Kimpton,Canada,Caramel Stuffed Bars,2025-01-03,2025,1,2024-01,1,7720.997,118.77833
2278,Dennison Crosswaite,UK,Eclairs,2025-03-24,2025,3,2024-03,1,3910.3916,134.79079
2279,Madelene Upcott,India,Raspberry Choco,2025-07-07,2025,7,2024-07,3,5104.3135,153.7199
2280,Van Tuxwell,USA,After Nines,2025-07-26,2025,7,2024-07,3,5106.781,165.64163
2281,Wilone O'Kielt,Australia,Organic Choco Syrup,2025-07-07,2025,7,2024-07,3,2055.732,113.32496
2282,Karlen McCaffrey,Canada,50% Dark Bites,2025-07-15,2025,7,2024-07,3,4365.8433,117.72297
2283,Roddy Speechley,New Zealand,Orange Choco,2025-04-01,2025,4,2024-04,2,4641.706,109.52678
2284,Beverie Moffet,Australia,Eclairs,2025-06-20,2025,6,2024-06,2,5757.475,123.917595
2285,Kelci Walkden,UK,Fruit & Nut Bars,2025-06-29,2025,6,2024-06,2,12260.691,131.40353
2286,Marney O'Breen,USA,50% Dark Bites,2025-06-15,2025,6,2024-06,2,1365.898,151.47485
2287,Husein Augar,USA,After Nines,2025-04-08,2025,4,2024-04,2,9707.549,128.42535
2288,Dennison Crosswaite,Australia,Raspberry Choco,2025-03-14,2025,3,2024-03,1,5750.5547,162.35587
2289,Andria Kimpton,USA,Fruit & Nut Bars,2025-07-15,2025,7,2024-07,3,962.6624,142.44728
2290,Kelci Walkden,India,Eclairs,2025-04-19,2025,4,2024-04,2,4741.485,135.90604
2291,Marney O'Breen,USA,99% Dark & Pure,2025-03-28,2025,3,2024-03,1,5852.2607,177.27522
2292,Brien Boise,Canada,Spicy Special Slims,2025-03-04,2025,3,2024-03,1,9494.704,113.19121
2293,Karlen McCaffrey,New Zealand,70% Dark Bites,2025-08-02,2025,8,2024-08,3,2142.7146,168.13559
2294,Husein Augar,UK,Spicy Special Slims,2025-08-25,2025,8,2024-08,3,5237.1943,161.04234
2295,Marney O'Breen,USA,Almond Choco,2025-02-25,2025,2,2024-02,1,9291.915,129.01826
2296,Kelci Walkden,India,Orange Choco,2025-06-07,2025,6,2024-06,2,4134.3413,151.91266
2297,Jan Morforth,India,Spicy Special Slims,2025-04-12,2025,4,2024-04,2,1975.5555,121.77449
2298,Ches Bonnell,India,Spicy Special Slims,2025-07-06,2025,7,2024-07,3,13287.38,113.82364
2299,Kelci Walkden,UK,Smooth Silky Salty,2025-01-19,2025,1,2024-01,1,7608.673,156.80931
2300,Madelene Upcott,Australia,Fruit & Nut Bars,2025-01-05,2025,1,2024-01,1,6356.7324,146.70541
2301,Madelene Upcott,Canada,70% Dark Bites,2025-01-24,2025,1,2024-01,1,15022.329,123.560265
2302,Wilone O'Kielt,Australia,Drinking Choco,2025-04-06,2025,4,2024-04,2,2011.2338,151.09827
2303,Gunar Cockshoot,Australia,Fruit & Nut Bars,2025-06-15,2025,6,2024-06,2,10704.887,106.316345
2304,Gigi Bohling,Canada,Baker's Choco Chips,2025-01-28,2025,1,2024-01,1,7466.8677,117.01514
2305,Kelci Walkden,India,Caramel Stuffed Bars,2025-03-16,2025,3,2024-03,1,676.27856,155.80261
2306,Rafaelita Blaksland,Australia,Drinking Choco,2025-02-21,2025,2,2024-02,1,11821.155,137.35892
2307,Kelci Walkden,USA,Manuka Honey Choco,2025-02-16,2025,2,2024-02,1,16096.479,119.03746
2308,Jehu Rudeforth,Canada,Spicy Special Slims,2025-01-13,2025,1,2024-01,1,2772.9333,122.05858
2309,Kelci Walkden,Australia,Eclairs,2025-03-23,2025,3,2024-03,1,8112.3853,105.74316
2310,Curtice Advani,Canada,Spicy Special Slims,2025-06-16,2025,6,2024-06,2,1029.9268,128.50334
2311,Oby Sorrel,India,Raspberry Choco,2025-04-14,2025,4,2024-04,2,8823.416,115.24297
2312,Kelci Walkden,UK,Eclairs,2025-01-25,2025,1,2024-01,1,6899.5815,137.1423
2313,Jan Morforth,India,Almond Choco,2025-03-11,2025,3,2024-03,1,5981.857,146.65327
2314,Dotty Strutley,UK,Almond Choco,2025-07-28,2025,7,2024-07,3,15096.47,125.49745
2315,Marney O'Breen,New Zealand,After Nines,2025-03-09,2025,3,2024-03,1,4342.778,138.28688
2316,Husein Augar,Australia,Orange Choco,2025-06-28,2025,6,2024-06,2,10949.642,110.720345
2317,Marney O'Breen,Australia,Milk Bars,2025-07-28,2025,7,2024-07,3,5058.524,138.67393
2318,Kelci Walkden,Canada,99% Dark & Pure,2025-08-15,2025,8,2024-08,3,6467.5557,187.49605
2319,Kaine Padly,Australia,Manuka Honey Choco,2025-01-12,2025,1,2024-01,1,5932.6147,144.72267
2320,Beverie Moffet,New Zealand,White Choc,2025-03-24,2025,3,2024-03,1,5607.4463,140.8671
2321,Van Tuxwell,UK,Milk Bars,2025-07-25,2025,7,2024-07,3,7076.6143,136.93816
2322,Oby Sorrel,Canada,99% Dark & Pure,2025-08-01,2025,8,2024-08,3,8766.53,166.27838
2323,Van Tuxwell,India,Organic Choco Syrup,2025-05-16,2025,5,2024-05,2,20502.916,142.59692
2324,Roddy Speechley,India,Smooth Silky Salty,2025-08-10,2025,8,2024-08,3,6302.7397,142.85718
2325,Jan Morforth,India,Eclairs,2025-01-05,2025,1,2024-01,1,2562.5647,133.78908
2326,Ches Bonnell,UK,Smooth Silky Salty,2025-07-11,2025,7,2024-07,3,8832.466,151.42085
2327,Wilone O'Kielt,USA,After Nines,2025-04-25,2025,4,2024-04,2,5103.9966,98.134155
2328,Gigi Bohling,New Zealand,Fruit & Nut Bars,2025-04-04,2025,4,2024-04,2,6060.123,145.51682
2329,Barr Faughny,USA,Raspberry Choco,2025-04-12,2025,4,2024-04,2,14721.31,110.59948
2330,Wilone O'Kielt,New Zealand,85% Dark Bars,2025-08-02,2025,8,2024-08,3,2663.2058,102.33306
2331,Gigi Bohling,New Zealand,Manuka Honey Choco,2025-06-28,2025,6,2024-06,2,9968.677,111.52269
2332,Ches Bonnell,Australia,Eclairs,2025-07-05,2025,7,2024-07,3,4106.901,135.17697
2333,Rafaelita Blaksland,New Zealand,Choco Coated Almonds,2025-06-07,2025,6,2024-06,2,2667.471,154.10085
2334,Brien Boise,New Zealand,Smooth Silky Salty,2025-01-18,2025,1,2024-01,1,2656.3398,151.53018
2335,Brien Boise,Australia,Baker's Choco Chips,2025-01-04,2025,1,2024-01,1,12049.686,111.467
2336,Dennison Crosswaite,Australia,99% Dark & Pure,2025-01-31,2025,1,2024-01,1,7827.142,144.95505
2337,Kelci Walkden,India,Almond Choco,2025-03-14,2025,3,2024-03,1,2946.6409,130.30226
2338,Camilla Castle,Australia,70% Dark Bites,2025-04-29,2025,4,2024-04,2,7101.3423,133.9365
2339,Oby Sorrel,India,Smooth Silky Salty,2025-02-07,2025,2,2024-02,1,13842.081,109.671776
2340,Kaine Padly,UK,Organic Choco Syrup,2025-03-31,2025,3,2024-03,1,3592.5845,179.23317
2341,Marney O'Breen,India,Caramel Stuffed Bars,2025-03-16,2025,3,2024-03,1,1944.3643,163.03522
2342,Karlen McCaffrey,UK,Eclairs,2025-01-25,2025,1,2024-01,1,3938.5957,117.8992
2343,Van Tuxwell,India,Baker's Choco Chips,2025-06-20,2025,6,2024-06,2,5931.886,197.657
2344,Gigi Bohling,UK,After Nines,2025-03-29,2025,3,2024-03,1,8115.099,130.09013
2345,Curtice Advani,Australia,Orange Choco,2025-07-12,2025,7,2024-07,3,1126.3387,159.97401
2346,Jehu Rudeforth,Canada,Smooth Silky Salty,2025-07-11,2025,7,2024-07,3,4083.733,124.91686
2347,Karlen McCaffrey,Canada,Smooth Silky Salty,2025-01-19,2025,1,2024-01,1,2655.7634,153.2623
2348,Andria Kimpton,USA,85% Dark Bars,2025-04-05,2025,4,2024-04,2,10278.683,144.35329
2349,Jehu Rudeforth,Canada,Milk Bars,2025-02-21,2025,2,2024-02,1,9071.346,95.61046
2350,Rafaelita Blaksland,New Zealand,Caramel Stuffed Bars,2025-05-20,2025,5,2024-05,2,13914.009,108.5978
2351,Mallorie Waber,Australia,Milk Bars,2025-07-29,2025,7,2024-07,3,4413.914,138.87091
2352,Barr Faughny,USA,Fruit & Nut Bars,2025-01-28,2025,1,2024-01,1,11203.043,151.12306
2353,Marney O'Breen,UK,Caramel Stuffed Bars,2025-07-19,2025,7,2024-07,3,3881.0432,179.99666
2354,Mallorie Waber,New Zealand,Manuka Honey Choco,2025-04-13,2025,4,2024-04,2,8854.021,96.08612
2355,Roddy Speechley,India,Peanut Butter Cubes,2025-02-11,2025,2,2024-02,1,10414.378,115.42827
2356,Roddy Speechley,New Zealand,Milk Bars,2025-03-02,2025,3,2024-03,1,4022.622,115.34994
2357,Ches Bonnell,Australia,White Choc,2025-03-02,2025,3,2024-03,1,2656.747,146.90352
2358,Van Tuxwell,USA,99% Dark & Pure,2025-07-28,2025,7,2024-07,3,7783.9575,124.76493
2359,Kelci Walkden,India,After Nines,2025-01-07,2025,1,2024-01,1,4836.2256,109.75293
2360,Brien Boise,UK,White Choc,2025-04-12,2025,4,2024-04,2,5099.805,139.95306
2361,Van Tuxwell,Canada,Almond Choco,2025-06-27,2025,6,2024-06,2,6484.614,117.294815
2362,Jehu Rudeforth,Australia,50% Dark Bites,2025-01-14,2025,1,2024-01,1,6112.85,150.48946
2363,Karlen McCaffrey,UK,Baker's Choco Chips,2025-02-07,2025,2,2024-02,1,6315.131,169.0949
2364,Jehu Rudeforth,Australia,Orange Choco,2025-03-23,2025,3,2024-03,1,12467.866,98.03002
2365,Marney O'Breen,India,Peanut Butter Cubes,2025-01-10,2025,1,2024-01,1,9860.431,88.62762
2366,Oby Sorrel,UK,Choco Coated Almonds,2025-03-17,2025,3,2024-03,1,9600.686,125.60972
2367,Gigi Bohling,USA,Spicy Special Slims,2025-01-21,2025,1,2024-01,1,11882.655,150.69162
2368,Barr Faughny,Australia,White Choc,2025-07-04,2025,7,2024-07,3,7173.9224,162.69586
2369,Kaine Padly,Canada,Peanut Butter Cubes,2025-07-04,2025,7,2024-07,3,5675.2856,138.72801
2370,Dotty Strutley,USA,Manuka Honey Choco,2025-08-10,2025,8,2024-08,3,4292.038,175.04887
2371,Dennison Crosswaite,Australia,50% Dark Bites,2025-04-01,2025,4,2024-04,2,9146.848,119.94574
2372,Gigi Bohling,India,Raspberry Choco,2025-02-22,2025,2,2024-02,1,2044.7269,150.96431
2373,Camilla Castle,UK,White Choc,2025-01-03,2025,1,2024-01,1,13494.596,129.93983
2374,Karlen McCaffrey,India,Drinking Choco,2025-05-31,2025,5,2024-05,2,3041.5532,147.86545
2375,Dotty Strutley,UK,99% Dark & Pure,2025-01-03,2025,1,2024-01,1,12809.948,134.32025
2376,Husein Augar,New Zealand,Caramel Stuffed Bars,2025-01-27,2025,1,2024-01,1,6022.0967,134.90012
2377,Barr Faughny,UK,50% Dark Bites,2025-01-28,2025,1,2024-01,1,5954.279,154.3832
2378,Curtice Advani,Australia,Organic Choco Syrup,2025-06-28,2025,6,2024-06,2,1908.6255,138.82016
2379,Husein Augar,UK,Choco Coated Almonds,2025-03-02,2025,3,2024-03,1,7657.339,134.30736
2380,Wilone O'Kielt,Australia,After Nines,2025-05-27,2025,5,2024-05,2,3574.9475,146.35115
2381,Dennison Crosswaite,USA,Almond Choco,2025-06-30,2025,6,2024-06,2,15085.762,131.70515
2382,Barr Faughny,Canada,Peanut Butter Cubes,2025-06-07,2025,6,2024-06,2,2413.3926,168.56651
2383,Kaine Padly,USA,70% Dark Bites,2025-05-12,2025,5,2024-05,2,7297.9204,142.73918
2384,Barr Faughny,New Zealand,Raspberry Choco,2025-07-29,2025,7,2024-07,3,7721.9463,135.10732
2385,Dennison Crosswaite,UK,White Choc,2025-08-03,2025,8,2024-08,3,12274.041,122.11262
2386,Barr Faughny,India,Baker's Choco Chips,2025-08-18,2025,8,2024-08,3,8542.195,137.62833
2387,Van Tuxwell,New Zealand,Smooth Silky Salty,2025-06-14,2025,6,2024-06,2,3424.2805,127.78252
2388,Beverie Moffet,UK,White Choc,2025-06-30,2025,6,2024-06,2,5857.0635,137.92232
2389,Camilla Castle,New Zealand,Mint Chip Choco,2025-06-13,2025,6,2024-06,2,3758.8022,132.99588
2390,Ches Bonnell,UK,Orange Choco,2025-04-27,2025,4,2024-04,2,9250.223,135.1957
2391,Jan Morforth,Australia,White Choc,2025-07-27,2025,7,2024-07,3,6462.738,147.97516
2392,Mallorie Waber,Canada,85% Dark Bars,2025-04-20,2025,4,2024-04,2,2754.9954,121.97071
2393,Rafaelita Blaksland,India,Spicy Special Slims,2025-01-04,2025,1,2024-01,1,8255.559,111.67248
2394,Ches Bonnell,Australia,Mint Chip Choco,2025-02-21,2025,2,2024-02,1,10498.061,102.54641
2395,Karlen McCaffrey,Australia,White Choc,2025-01-05,2025,1,2024-01,1,8810.917,104.37964
2396,Beverie Moffet,India,Drinking Choco,2025-07-15,2025,7,2024-07,3,4480.1177,146.05653
2397,Brien Boise,Australia,Choco Coated Almonds,2025-05-25,2025,5,2024-05,2,5610.23,132.85393
2398,Karlen McCaffrey,Canada,Eclairs,2025-04-20,2025,4,2024-04,2,3185.5078,155.26768
2399,Gigi Bohling,USA,99% Dark & Pure,2025-06-02,2025,6,2024-06,2,810.17523,151.867
2400,Marney O'Breen,UK,Smooth Silky Salty,2025-05-13,2025,5,2024-05,2,15899.43,130.6231
2401,Beverie Moffet,New Zealand,Baker's Choco Chips,2025-08-03,2025,8,2024-08,3,6381.9897,128.57274
2402,Beverie Moffet,Australia,Milk Bars,2025-05-25,2025,5,2024-05,2,2735.9917,143.0899
2403,Van Tuxwell,UK,Raspberry Choco,2025-03-16,2025,3,2024-03,1,4532.922,159.0934
2404,Jan Morforth,Australia,Orange Choco,2025-07-04,2025,7,2024-07,3,2702.537,177.9779
2405,Jehu Rudeforth,India,50% Dark Bites,2025-07-05,2025,7,2024-07,3,4992.1616,118.856895
2406,Madelene Upcott,USA,After Nines,2025-03-15,2025,3,2024-03,1,6028.6787,149.52324
2407,Barr Faughny,UK,Raspberry Choco,2025-08-22,2025,8,2024-08,3,6435.705,169.80255
2408,Ches Bonnell,Australia,70% Dark Bites,2025-01-12,2025,1,2024-01,1,5965.01,112.27582
2409,Marney O'Breen,UK,Baker's Choco Chips,2025-06-10,2025,6,2024-06,2,3411.8938,221.71622
2410,Kaine Padly,Australia,Peanut Butter Cubes,2025-03-25,2025,3,2024-03,1,6460.0215,150.41446
2411,Rafaelita Blaksland,India,Almond Choco,2025-07-27,2025,7,2024-07,3,3728.3806,130.09656
2412,Husein Augar,UK,Caramel Stuffed Bars,2025-04-15,2025,4,2024-04,2,12387.222,115.69446
2413,Roddy Speechley,India,Orange Choco,2025-06-27,2025,6,2024-06,2,3777.7048,147.28539
2414,Jehu Rudeforth,UK,70% Dark Bites,2025-04-14,2025,4,2024-04,2,6551.059,145.76918
2415,Husein Augar,Australia,Manuka Honey Choco,2025-03-15,2025,3,2024-03,1,9441.797,133.64691
2416,Madelene Upcott,USA,Eclairs,2025-03-18,2025,3,2024-03,1,10955.412,145.7819
2417,Brien Boise,India,Eclairs,2025-04-29,2025,4,2024-04,2,4261.8965,138.29399
2418,Mallorie Waber,New Zealand,White Choc,2025-02-25,2025,2,2024-02,1,2412.1438,153.69664
2419,Husein Augar,USA,Milk Bars,2025-03-02,2025,3,2024-03,1,1131.3167,104.9419
2420,Van Tuxwell,Australia,Milk Bars,2025-06-20,2025,6,2024-06,2,10766.37,103.71209
2421,Beverie Moffet,Canada,White Choc,2025-07-15,2025,7,2024-07,3,9076.48,182.57466
2422,Dotty Strutley,Australia,50% Dark Bites,2025-05-12,2025,5,2024-05,2,2086.3005,136.45844
2423,Mallorie Waber,New Zealand,Organic Choco Syrup,2025-07-01,2025,7,2024-07,3,4797.661,142.34084
2424,Husein Augar,USA,85% Dark Bars,2025-08-08,2025,8,2024-08,3,752.9519,90.99763
2425,Madelene Upcott,Australia,50% Dark Bites,2025-07-25,2025,7,2024-07,3,6827.938,147.86711
2426,Wilone O'Kielt,UK,Drinking Choco,2025-05-18,2025,5,2024-05,2,2359.901,127.49567
2427,Camilla Castle,India,Peanut Butter Cubes,2025-07-15,2025,7,2024-07,3,11371.079,123.0181
2428,Curtice Advani,India,70% Dark Bites,2025-07-05,2025,7,2024-07,3,1744.7994,110.74684
2429,Mallorie Waber,USA,Manuka Honey Choco,2025-07-04,2025,7,2024-07,3,7103.037,130.47128
2430,Dotty Strutley,UK,70% Dark Bites,2025-06-20,2025,6,2024-06,2,1359.3787,160.6105
2431,Gunar Cockshoot,Australia,Almond Choco,2025-01-25,2025,1,2024-01,1,2484.1995,142.71634
2432,Kaine Padly,New Zealand,Spicy Special Slims,2025-07-01,2025,7,2024-07,3,8703.833,106.16971
2433,Gigi Bohling,USA,50% Dark Bites,2025-04-13,2025,4,2024-04,2,5533.914,129.99069
2434,Beverie Moffet,UK,Smooth Silky Salty,2025-05-04,2025,5,2024-05,2,9305.179,122.61903
2435,Beverie Moffet,Australia,Baker's Choco Chips,2025-08-04,2025,8,2024-08,3,5014.4663,120.54891
2436,Beverie Moffet,India,70% Dark Bites,2025-06-01,2025,6,2024-06,2,1008.08655,146.95865
2437,Jehu Rudeforth,UK,Choco Coated Almonds,2025-04-22,2025,4,2024-04,2,4826.6646,181.4126
2438,Kaine Padly,USA,50% Dark Bites,2025-08-03,2025,8,2024-08,3,6384.834,107.16743
2439,Ches Bonnell,USA,Orange Choco,2025-06-10,2025,6,2024-06,2,5532.5317,146.88132
2440,Gunar Cockshoot,UK,Manuka Honey Choco,2025-06-27,2025,6,2024-06,2,8545.892,116.3794
2441,Marney O'Breen,Australia,Smooth Silky Salty,2025-01-03,2025,1,2024-01,1,10779.986,173.63403
2442,Marney O'Breen,India,After Nines,2025-07-11,2025,7,2024-07,3,2138.9695,153.76653
2443,Ches Bonnell,New Zealand,Milk Bars,2025-08-17,2025,8,2024-08,3,3366.9724,154.7096
2444,Rafaelita Blaksland,USA,Fruit & Nut Bars,2025-01-18,2025,1,2024-01,1,1996.7458,151.32729
2445,Ches Bonnell,India,Organic Choco Syrup,2025-03-08,2025,3,2024-03,1,16231.74,130.06375
2446,Mallorie Waber,Australia,Orange Choco,2025-03-07,2025,3,2024-03,1,14739.597,106.589325
2447,Husein Augar,India,70% Dark Bites,2025-05-09,2025,5,2024-05,2,6888.0713,113.06237
2448,Barr Faughny,New Zealand,85% Dark Bars,2025-05-23,2025,5,2024-05,2,6045.3477,158.77832
2449,Madelene Upcott,UK,Caramel Stuffed Bars,2025-04-15,2025,4,2024-04,2,5227.9233,147.1763
2450,Gigi Bohling,Australia,Drinking Choco,2025-07-27,2025,7,2024-07,3,4662.6406,145.46806
2451,Marney O'Breen,Canada,Choco Coated Almonds,2025-08-22,2025,8,2024-08,3,4386.8735,135.08423
2452,Ches Bonnell,USA,70% Dark Bites,2025-05-11,2025,5,2024-05,2,4491.763,145.04002
2453,Madelene Upcott,India,Organic Choco Syrup,2025-01-26,2025,1,2024-01,1,7101.9004,167.38657
2454,Barr Faughny,USA,50% Dark Bites,2025-04-14,2025,4,2024-04,2,9824.829,127.01945
2455,Dennison Crosswaite,New Zealand,Mint Chip Choco,2025-04-05,2025,4,2024-04,2,5799.215,179.84503
2456,Marney O'Breen,New Zealand,Smooth Silky Salty,2025-06-14,2025,6,2024-06,2,11568.842,148.80157
2457,Brien Boise,Canada,Almond Choco,2025-04-13,2025,4,2024-04,2,4529.8564,156.48094
2458,Beverie Moffet,Australia,White Choc,2025-06-27,2025,6,2024-06,2,3682.241,139.20155
2459,Dotty Strutley,Australia,Eclairs,2025-01-26,2025,1,2024-01,1,5246.568,114.73296
2460,Barr Faughny,UK,White Choc,2025-07-05,2025,7,2024-07,3,4614.373,145.86067
2461,Beverie Moffet,Canada,Baker's Choco Chips,2025-01-11,2025,1,2024-01,1,13260.262,136.37819
2462,Kelci Walkden,USA,White Choc,2025-03-07,2025,3,2024-03,1,10560.3955,138.90262
2463,Kaine Padly,Canada,50% Dark Bites,2025-03-04,2025,3,2024-03,1,6378.6157,109.552284
2464,Karlen McCaffrey,Canada,Organic Choco Syrup,2025-07-15,2025,7,2024-07,3,2175.9673,141.84293
2465,Kaine Padly,UK,Peanut Butter Cubes,2025-05-11,2025,5,2024-05,2,6977.75,205.12271
2466,Karlen McCaffrey,USA,Milk Bars,2025-01-27,2025,1,2024-01,1,6213.565,167.62343
2467,Karlen McCaffrey,India,Orange Choco,2025-06-27,2025,6,2024-06,2,6064.188,153.65349
2468,Ches Bonnell,India,Smooth Silky Salty,2025-08-03,2025,8,2024-08,3,12636.995,151.0205
2469,Wilone O'Kielt,New Zealand,Mint Chip Choco,2025-08-19,2025,8,2024-08,3,9052.392,178.44044
2470,Wilone O'Kielt,Australia,Fruit & Nut Bars,2025-06-15,2025,6,2024-06,2,2928.0364,102.117226
2471,Dennison Crosswaite,UK,Peanut Butter Cubes,2025-02-07,2025,2,2024-02,1,13826.658,146.29076
2472,Karlen McCaffrey,Australia,Almond Choco,2025-07-08,2025,7,2024-07,3,7707.726,128.93628
2473,Dennison Crosswaite,India,Milk Bars,2025-04-21,2025,4,2024-04,2,3119.7112,174.33023
2474,Ches Bonnell,UK,Mint Chip Choco,2025-04-08,2025,4,2024-04,2,4732.9375,206.07794
2475,Husein Augar,Australia,50% Dark Bites,2025-08-19,2025,8,2024-08,3,18888.145,133.8706
2476,Jan Morforth,India,Fruit & Nut Bars,2025-05-04,2025,5,2024-05,2,3713.2175,162.51036
2477,Mallorie Waber,USA,85% Dark Bars,2025-05-11,2025,5,2024-05,2,2365.1816,144.58156
2478,Mallorie Waber,USA,Eclairs,2025-03-22,2025,3,2024-03,1,7912.376,110.966805
2479,Dennison Crosswaite,Canada,Spicy Special Slims,2025-08-10,2025,8,2024-08,3,2081.4202,141.03308
2480,Dennison Crosswaite,USA,Fruit & Nut Bars,2025-05-04,2025,5,2024-05,2,1379.0686,163.40012
2481,Kelci Walkden,USA,99% Dark & Pure,2025-08-18,2025,8,2024-08,3,4585.9155,187.50351
2482,Dotty Strutley,Canada,Raspberry Choco,2025-08-03,2025,8,2024-08,3,3405.4033,170.34203
2483,Marney O'Breen,New Zealand,Milk Bars,2025-01-14,2025,1,2024-01,1,5428.409,139.96123
2484,Madelene Upcott,Australia,Choco Coated Almonds,2025-04-08,2025,4,2024-04,2,3662.8848,154.47568
2485,Kelci Walkden,UK,Orange Choco,2025-08-01,2025,8,2024-08,3,7235.0957,155.8445
2486,Dennison Crosswaite,Canada,Eclairs,2025-03-15,2025,3,2024-03,1,3084.8625,142.30128
2487,Karlen McCaffrey,India,Mint Chip Choco,2025-07-15,2025,7,2024-07,3,10971.301,137.066
2488,Barr Faughny,New Zealand,Almond Choco,2025-01-13,2025,1,2024-01,1,3911.531,141.13107
2489,Mallorie Waber,Australia,85% Dark Bars,2025-08-26,2025,8,2024-08,3,5447.1973,129.12885
2490,Ches Bonnell,Canada,Eclairs,2025-01-10,2025,1,2024-01,1,2811.0696,158.01193
2491,Gigi Bohling,Australia,White Choc,2025-05-11,2025,5,2024-05,2,4538.844,118.30341
2492,Beverie Moffet,New Zealand,85% Dark Bars,2025-08-30,2025,8,2024-08,3,12212.988,105.65638
2493,Kaine Padly,USA,Caramel Stuffed Bars,2025-07-21,2025,7,2024-07,3,7550.2173,145.51239
2494,Mallorie Waber,Australia,Almond Choco,2025-08-01,2025,8,2024-08,3,9492.111,152.32114
2495,Brien Boise,Canada,85% Dark Bars,2025-02-17,2025,2,2024-02,1,18433.447,134.2114
2496,Brien Boise,Australia,Drinking Choco,2025-07-27,2025,7,2024-07,3,6766.499,127.88944
2497,Dotty Strutley,USA,Orange Choco,2025-02-23,2025,2,2024-02,1,1322.902,151.98108
2498,Rafaelita Blaksland,Australia,50% Dark Bites,2025-03-22,2025,3,2024-03,1,5996.9155,117.44852
2499,Dennison Crosswaite,India,99% Dark & Pure,2025-06-23,2025,6,2024-06,2,4884.145,161.04262
2500,Curtice Advani,UK,White Choc,2025-02-01,2025,2,2024-02,1,3255.2,151.48218
2501,Kelci Walkden,Australia,After Nines,2025-03-02,2025,3,2024-03,1,4980.5107,137.13058
2502,Gigi Bohling,UK,Fruit & Nut Bars,2025-04-06,2025,4,2024-04,2,7852.085,147.75244
2503,Gunar Cockshoot,Australia,Raspberry Choco,2025-03-17,2025,3,2024-03,1,1419.8606,148.76695
2504,Curtice Advani,UK,Fruit & Nut Bars,2025-06-24,2025,6,2024-06,2,12027.573,123.13524
2505,Barr Faughny,Canada,50% Dark Bites,2025-07-19,2025,7,2024-07,3,9069.054,121.71129
2506,Curtice Advani,USA,Spicy Special Slims,2025-07-11,2025,7,2024-07,3,1117.6683,89.49057
2507,Brien Boise,India,Almond Choco,2025-01-13,2025,1,2024-01,1,1874.8716,138.22876
2508,Oby Sorrel,New Zealand,Smooth Silky Salty,2025-07-07,2025,7,2024-07,3,8735.66,157.07791
2509,Jan Morforth,India,85% Dark Bars,2025-05-25,2025,5,2024-05,2,3712.6106,150.7305
2510,Marney O'Breen,India,Fruit & Nut Bars,2025-04-13,2025,4,2024-04,2,4548.027,164.29832
2511,Andria Kimpton,New Zealand,50% Dark Bites,2025-03-02,2025,3,2024-03,1,5412.2495,131.46674
2512,Gunar Cockshoot,Canada,Raspberry Choco,2025-06-23,2025,6,2024-06,2,2415.8884,149.30238
2513,Kelci Walkden,USA,Drinking Choco,2025-07-26,2025,7,2024-07,3,8723.033,136.77621
2514,Van Tuxwell,Canada,White Choc,2025-03-22,2025,3,2024-03,1,1075.2637,141.21605
2515,Rafaelita Blaksland,USA,Baker's Choco Chips,2025-06-09,2025,6,2024-06,2,2393.752,180.16054
2516,Van Tuxwell,Australia,Caramel Stuffed Bars,2025-05-17,2025,5,2024-05,2,7591.819,126.199585
2517,Ches Bonnell,New Zealand,Peanut Butter Cubes,2025-03-04,2025,3,2024-03,1,5304.704,179.60599
2518,Kelci Walkden,Canada,Milk Bars,2025-07-07,2025,7,2024-07,3,12619.595,114.5756
2519,Dennison Crosswaite,Canada,Choco Coated Almonds,2025-01-13,2025,1,2024-01,1,12403.558,106.9558
2520,Curtice Advani,Australia,Almond Choco,2025-07-13,2025,7,2024-07,3,3268.6975,116.44035
2521,Madelene Upcott,Australia,85% Dark Bars,2025-06-16,2025,6,2024-06,2,3597.72,138.18483
2522,Gigi Bohling,UK,50% Dark Bites,2025-07-18,2025,7,2024-07,3,6002.1226,153.9855
2523,Ches Bonnell,UK,Manuka Honey Choco,2025-05-30,2025,5,2024-05,2,3747.498,170.10286
2524,Gigi Bohling,UK,70% Dark Bites,2025-06-21,2025,6,2024-06,2,2565.0747,150.64026
2525,Jehu Rudeforth,Australia,Peanut Butter Cubes,2025-06-24,2025,6,2024-06,2,8995.114,187.94733
2526,Marney O'Breen,India,Eclairs,2025-01-13,2025,1,2024-01,1,3849.724,130.99486
2527,Curtice Advani,Canada,Fruit & Nut Bars,2025-04-04,2025,4,2024-04,2,6268.861,140.13368
2528,Kaine Padly,UK,Smooth Silky Salty,2025-06-08,2025,6,2024-06,2,8230.0205,146.30975
2529,Karlen McCaffrey,Canada,Spicy Special Slims,2025-08-02,2025,8,2024-08,3,4321.848,140.91132
2530,Kelci Walkden,USA,Organic Choco Syrup,2025-07-21,2025,7,2024-07,3,14046.601,131.50305
2531,Curtice Advani,India,Spicy Special Slims,2025-06-20,2025,6,2024-06,2,254.28516,103.64936
2532,Roddy Speechley,India,After Nines,2025-06-22,2025,6,2024-06,2,6424.892,126.94548
2533,Camilla Castle,Australia,Caramel Stuffed Bars,2025-05-02,2025,5,2024-05,2,4659.6,96.5736
2534,Curtice Advani,Australia,99% Dark & Pure,2025-01-07,2025,1,2024-01,1,7438.519,149.26465
2535,Mallorie Waber,UK,50% Dark Bites,2025-02-21,2025,2,2024-02,1,3048.2783,126.31139
2536,Ches Bonnell,Canada,Baker's Choco Chips,2025-03-21,2025,3,2024-03,1,8778.753,146.44489
2537,Van Tuxwell,UK,Drinking Choco,2025-04-04,2025,4,2024-04,2,6264.7344,156.25848
2538,Gunar Cockshoot,Canada,Fruit & Nut Bars,2025-03-24,2025,3,2024-03,1,15431.367,108.417496
2539,Gunar Cockshoot,New Zealand,Spicy Special Slims,2025-06-28,2025,6,2024-06,2,8867.322,133.86127
2540,Gunar Cockshoot,Australia,Drinking Choco,2025-01-14,2025,1,2024-01,1,3116.0217,159.01495
2541,Karlen McCaffrey,New Zealand,Fruit & Nut Bars,2025-02-07,2025,2,2024-02,1,831.0169,128.44365
2542,Dennison Crosswaite,New Zealand,Drinking Choco,2025-01-11,2025,1,2024-01,1,5231.443,151.55872
2543,Jehu Rudeforth,India,99% Dark & Pure,2025-02-25,2025,2,2024-02,1,3527.027,144.75983
2544,Dotty Strutley,Australia,Mint Chip Choco,2025-08-01,2025,8,2024-08,3,4224.142,130.34756
2545,Roddy Speechley,Australia,Mint Chip Choco,2025-05-05,2025,5,2024-05,2,8892.874,129.73
2546,Madelene Upcott,New Zealand,Raspberry Choco,2025-05-18,2025,5,2024-05,2,9360.019,140.05756
2547,Dotty Strutley,New Zealand,Choco Coated Almonds,2025-01-04,2025,1,2024-01,1,8017.3774,108.227615
2548,Roddy Speechley,New Zealand,50% Dark Bites,2025-05-09,2025,5,2024-05,2,5449.0654,157.95357
2549,Rafaelita Blaksland,India,Smooth Silky Salty,2025-05-06,2025,5,2024-05,2,7880.1035,106.573425
2550,Husein Augar,UK,White Choc,2025-01-13,2025,1,2024-01,1,9152.274,120.33029
2551,Roddy Speechley,Australia,Almond Choco,2025-06-24,2025,6,2024-06,2,4301.9644,130.64203
2552,Van Tuxwell,USA,Caramel Stuffed Bars,2025-02-14,2025,2,2024-02,1,3109.5127,160.70663
2553,Camilla Castle,Australia,99% Dark & Pure,2025-01-18,2025,1,2024-01,1,2218.8992,124.91152
2554,Kaine Padly,India,Milk Bars,2025-05-02,2025,5,2024-05,2,6348.866,183.46179
2555,Ches Bonnell,Australia,Smooth Silky Salty,2025-05-16,2025,5,2024-05,2,8336.781,122.41155
2556,Mallorie Waber,USA,Almond Choco,2025-01-28,2025,1,2024-01,1,7601.956,117.61788
2557,Kaine Padly,Canada,99% Dark & Pure,2025-06-24,2025,6,2024-06,2,1977.5154,142.73775
2558,Oby Sorrel,UK,After Nines,2025-07-18,2025,7,2024-07,3,3258.6755,182.45049
2559,Gunar Cockshoot,UK,Eclairs,2025-04-13,2025,4,2024-04,2,5570.8667,141.05428
2560,Dotty Strutley,USA,Caramel Stuffed Bars,2025-04-15,2025,4,2024-04,2,16968.209,125.72884
2561,Jan Morforth,India,Peanut Butter Cubes,2025-01-04,2025,1,2024-01,1,14679.812,107.730446
2562,Husein Augar,Australia,Eclairs,2025-07-04,2025,7,2024-07,3,7227.8384,128.25468
2563,Beverie Moffet,USA,Smooth Silky Salty,2025-03-24,2025,3,2024-03,1,9385.367,148.93417
2564,Camilla Castle,Australia,Manuka Honey Choco,2025-03-17,2025,3,2024-03,1,5327.455,138.85216
2565,Oby Sorrel,Australia,Almond Choco,2025-02-15,2025,2,2024-02,1,4961.845,149.28271
2566,Jan Morforth,USA,Orange Choco,2025-06-29,2025,6,2024-06,2,2021.0616,139.25739
2567,Gigi Bohling,USA,Fruit & Nut Bars,2025-05-24,2025,5,2024-05,2,4329.939,158.82048
2568,Mallorie Waber,UK,Milk Bars,2025-01-10,2025,1,2024-01,1,3036.256,115.833626
2569,Curtice Advani,USA,Raspberry Choco,2025-03-15,2025,3,2024-03,1,2765.9058,128.75798
2570,Marney O'Breen,Canada,Milk Bars,2025-02-08,2025,2,2024-02,1,4832.232,98.69233
2571,Brien Boise,India,Caramel Stuffed Bars,2025-02-25,2025,2,2024-02,1,1110.9329,160.61452
2572,Gunar Cockshoot,USA,Eclairs,2025-05-03,2025,5,2024-05,2,4830.2773,144.97404
2573,Roddy Speechley,USA,Fruit & Nut Bars,2025-06-14,2025,6,2024-06,2,6821.727,113.14676
2574,Gunar Cockshoot,India,50% Dark Bites,2025-08-09,2025,8,2024-08,3,12855.755,93.536606
2575,Wilone O'Kielt,New Zealand,Manuka Honey Choco,2025-07-11,2025,7,2024-07,3,4359.0825,159.44551
2576,Kaine Padly,UK,Manuka Honey Choco,2025-01-14,2025,1,2024-01,1,7616.1245,157.69064
2577,Van Tuxwell,Canada,Manuka Honey Choco,2025-02-24,2025,2,2024-02,1,8361.138,95.61715
2578,Wilone O'Kielt,New Zealand,Almond Choco,2025-03-15,2025,3,2024-03,1,11497.018,135.43517
2579,Oby Sorrel,New Zealand,Baker's Choco Chips,2025-04-25,2025,4,2024-04,2,13739.377,123.06157
2580,Dennison Crosswaite,Australia,Organic Choco Syrup,2025-05-10,2025,5,2024-05,2,11907.644,91.37994
2581,Marney O'Breen,Australia,Spicy Special Slims,2025-06-23,2025,6,2024-06,2,11722.254,115.398506
2582,Beverie Moffet,Canada,Smooth Silky Salty,2025-02-28,2025,2,2024-02,1,14072.054,136.51822
2583,Brien Boise,USA,Organic Choco Syrup,2025-05-25,2025,5,2024-05,2,16588.504,121.64011
2584,Roddy Speechley,New Zealand,Baker's Choco Chips,2025-02-22,2025,2,2024-02,1,9096.936,128.96518
2585,Van Tuxwell,UK,85% Dark Bars,2025-07-11,2025,7,2024-07,3,4312.103,154.70674
2586,Marney O'Breen,Canada,Spicy Special Slims,2025-01-03,2025,1,2024-01,1,6813.3228,131.99007
2587,Rafaelita Blaksland,New Zealand,70% Dark Bites,2025-08-24,2025,8,2024-08,3,1041.8633,180.47755
2588,Beverie Moffet,USA,50% Dark Bites,2025-07-28,2025,7,2024-07,3,2263.5203,155.24773
2589,Brien Boise,USA,Mint Chip Choco,2025-05-25,2025,5,2024-05,2,9921.417,162.19962
2590,Karlen McCaffrey,New Zealand,Eclairs,2025-05-06,2025,5,2024-05,2,3398.8904,135.54395
2591,Barr Faughny,India,Drinking Choco,2025-01-28,2025,1,2024-01,1,5135.0376,152.1202
2592,Marney O'Breen,UK,Orange Choco,2025-06-06,2025,6,2024-06,2,12214.476,129.62035
2593,Brien Boise,New Zealand,Baker's Choco Chips,2025-07-12,2025,7,2024-07,3,8467.451,140.48976
2594,Ches Bonnell,Canada,Spicy Special Slims,2025-08-05,2025,8,2024-08,3,6930.366,147.01038
2595,Brien Boise,USA,Orange Choco,2025-01-28,2025,1,2024-01,1,8167.6753,145.65141
2596,Kaine Padly,India,Spicy Special Slims,2025-08-31,2025,8,2024-08,3,5700.165,142.4593
2597,Mallorie Waber,USA,50% Dark Bites,2025-04-19,2025,4,2024-04,2,2134.9102,103.33499
2598,Mallorie Waber,UK,Mint Chip Choco,2025-06-29,2025,6,2024-06,2,6044.1685,173.1938
2599,Beverie Moffet,India,Choco Coated Almonds,2025-02-24,2025,2,2024-02,1,2026.3207,167.38576
2600,Madelene Upcott,UK,Smooth Silky Salty,2025-03-04,2025,3,2024-03,1,17894.582,171.20673
2601,Gigi Bohling,India,Eclairs,2025-06-21,2025,6,2024-06,2,4538.462,126.729744
2602,Rafaelita Blaksland,Australia,Organic Choco Syrup,2025-01-26,2025,1,2024-01,1,829.6235,140.54105
2603,Oby Sorrel,New Zealand,White Choc,2025-06-10,2025,6,2024-06,2,4824.093,155.75818
2604,Andria Kimpton,UK,Drinking Choco,2025-05-23,2025,5,2024-05,2,2117.0762,119.916794
2605,Kelci Walkden,India,Milk Bars,2025-04-15,2025,4,2024-04,2,4357.781,196.42238
2606,Karlen McCaffrey,New Zealand,Caramel Stuffed Bars,2025-01-31,2025,1,2024-01,1,3864.805,125.21109
2607,Andria Kimpton,New Zealand,Organic Choco Syrup,2025-03-04,2025,3,2024-03,1,5177.9287,143.27522
2608,Barr Faughny,New Zealand,After Nines,2025-04-19,2025,4,2024-04,2,11799.605,117.02331
2609,Beverie Moffet,UK,Almond Choco,2025-05-16,2025,5,2024-05,2,2944.6057,158.36531
2610,Oby Sorrel,Australia,Raspberry Choco,2025-02-17,2025,2,2024-02,1,2419.247,159.24724
2611,Dennison Crosswaite,USA,Raspberry Choco,2025-01-18,2025,1,2024-01,1,9217.62,126.76278
2612,Roddy Speechley,Canada,Orange Choco,2025-02-09,2025,2,2024-02,1,4202.7686,137.07658
2613,Mallorie Waber,Canada,Orange Choco,2025-03-23,2025,3,2024-03,1,8414.806,107.884514
2614,Madelene Upcott,New Zealand,Caramel Stuffed Bars,2025-02-01,2025,2,2024-02,1,3442.5571,178.46533
2615,Mallorie Waber,India,Drinking Choco,2025-03-07,2025,3,2024-03,1,5912.9893,133.85435
2616,Ches Bonnell,UK,White Choc,2025-01-03,2025,1,2024-01,1,4832.886,140.79689
2617,Ches Bonnell,USA,White Choc,2025-02-11,2025,2,2024-02,1,2998.5356,164.10115
2618,Dennison Crosswaite,New Zealand,Orange Choco,2025-03-16,2025,3,2024-03,1,3260.884,126.21882
2619,Dotty Strutley,India,White Choc,2025-08-15,2025,8,2024-08,3,11035.711,98.31633
2620,Gigi Bohling,India,Manuka Honey Choco,2025-05-12,2025,5,2024-05,2,4511.627,159.76517
2621,Van Tuxwell,India,Spicy Special Slims,2025-04-11,2025,4,2024-04,2,9237.648,127.09399
2622,Jan Morforth,New Zealand,Mint Chip Choco,2025-06-30,2025,6,2024-06,2,17615.158,136.47974
2623,Dotty Strutley,New Zealand,White Choc,2025-06-15,2025,6,2024-06,2,10390.19,128.66397
2624,Rafaelita Blaksland,Canada,Caramel Stuffed Bars,2025-08-01,2025,8,2024-08,3,11535.283,124.04622
2625,Kaine Padly,USA,Milk Bars,2025-06-15,2025,6,2024-06,2,9576.75,120.960335
2626,Brien Boise,India,After Nines,2025-06-16,2025,6,2024-06,2,5930.6304,121.99184
2627,Oby Sorrel,New Zealand,Raspberry Choco,2025-05-13,2025,5,2024-05,2,4995.9873,145.51398
2628,Dennison Crosswaite,USA,Drinking Choco,2025-05-10,2025,5,2024-05,2,5253.4893,151.49654
2629,Oby Sorrel,India,Eclairs,2025-08-25,2025,8,2024-08,3,7775.3037,151.28426
2630,Ches Bonnell,New Zealand,Organic Choco Syrup,2025-07-15,2025,7,2024-07,3,7671.4565,150.31126
2631,Gigi Bohling,UK,Baker's Choco Chips,2025-05-16,2025,5,2024-05,2,5489.2524,163.10178
2632,Jan Morforth,Australia,50% Dark Bites,2025-06-14,2025,6,2024-06,2,4187.596,159.94011
2633,Beverie Moffet,Australia,Smooth Silky Salty,2025-01-25,2025,1,2024-01,1,4270.024,161.02484
2634,Ches Bonnell,USA,Organic Choco Syrup,2025-07-28,2025,7,2024-07,3,10961.226,154.04742
2635,Brien Boise,Canada,Mint Chip Choco,2025-01-28,2025,1,2024-01,1,6237.7505,183.92592
2636,Kaine Padly,UK,Orange Choco,2025-06-29,2025,6,2024-06,2,3225.3557,155.14635
2637,Karlen McCaffrey,Australia,70% Dark Bites,2025-06-24,2025,6,2024-06,2,2604.6611,158.97137
2638,Gunar Cockshoot,Canada,Mint Chip Choco,2025-07-01,2025,7,2024-07,3,6321.079,176.49652
2639,Roddy Speechley,USA,Peanut Butter Cubes,2025-02-25,2025,2,2024-02,1,7336.5874,148.3505
2640,Curtice Advani,Canada,Smooth Silky Salty,2025-08-01,2025,8,2024-08,3,10413.975,138.97421
2641,Oby Sorrel,Australia,Milk Bars,2025-06-21,2025,6,2024-06,2,6133.652,112.33642
2642,Camilla Castle,New Zealand,Spicy Special Slims,2025-01-25,2025,1,2024-01,1,6005.712,117.327515
2643,Gigi Bohling,UK,Milk Bars,2025-05-17,2025,5,2024-05,2,1243.1971,149.04852
2644,Andria Kimpton,Australia,85% Dark Bars,2025-08-23,2025,8,2024-08,3,7697.063,105.96998
2645,Camilla Castle,Australia,Smooth Silky Salty,2025-03-03,2025,3,2024-03,1,6257.57,137.22775
2646,Roddy Speechley,India,Caramel Stuffed Bars,2025-05-30,2025,5,2024-05,2,11012.878,108.75248
2647,Karlen McCaffrey,USA,Drinking Choco,2025-06-29,2025,6,2024-06,2,1433.5029,123.7958
2648,Andria Kimpton,Canada,Organic Choco Syrup,2025-01-04,2025,1,2024-01,1,4137.742,164.03893
2649,Jehu Rudeforth,Australia,Drinking Choco,2025-01-14,2025,1,2024-01,1,4029.907,154.47107
2650,Karlen McCaffrey,USA,Mint Chip Choco,2025-02-15,2025,2,2024-02,1,19916.805,137.94054
2651,Curtice Advani,New Zealand,Spicy Special Slims,2025-01-10,2025,1,2024-01,1,1062.8693,100.41371
2652,Madelene Upcott,USA,White Choc,2025-05-04,2025,5,2024-05,2,14688.177,145.83246
2653,Andria Kimpton,USA,Spicy Special Slims,2025-05-23,2025,5,2024-05,2,4655.5747,181.85571
2654,Barr Faughny,New Zealand,Fruit & Nut Bars,2025-04-26,2025,4,2024-04,2,9905.537,140.708
2655,Oby Sorrel,Canada,Organic Choco Syrup,2025-07-05,2025,7,2024-07,3,5347.407,167.29709
2656,Madelene Upcott,UK,Organic Choco Syrup,2025-07-21,2025,7,2024-07,3,8088.3037,164.92152
2657,Dotty Strutley,USA,Mint Chip Choco,2025-02-21,2025,2,2024-02,1,9814.158,125.33712
2658,Kelci Walkden,USA,Orange Choco,2025-02-03,2025,2,2024-02,1,6634.454,162.37657
2659,Gigi Bohling,Australia,Caramel Stuffed Bars,2025-07-08,2025,7,2024-07,3,6727.076,149.24472
2660,Mallorie Waber,India,50% Dark Bites,2025-05-31,2025,5,2024-05,2,2812.956,128.8567
2661,Van Tuxwell,New Zealand,Mint Chip Choco,2025-06-27,2025,6,2024-06,2,3753.2754,118.7653
2662,Van Tuxwell,India,50% Dark Bites,2025-05-13,2025,5,2024-05,2,10375.635,140.65207
2663,Van Tuxwell,USA,Manuka Honey Choco,2025-05-31,2025,5,2024-05,2,6418.15,146.40855
2664,Wilone O'Kielt,USA,Orange Choco,2025-02-28,2025,2,2024-02,1,6768.795,144.16862
2665,Barr Faughny,New Zealand,Eclairs,2025-03-28,2025,3,2024-03,1,8679.633,113.05652
2666,Gigi Bohling,USA,After Nines,2025-01-14,2025,1,2024-01,1,6955.9307,117.368774
2667,Barr Faughny,New Zealand,Mint Chip Choco,2025-02-21,2025,2,2024-02,1,9571.506,89.39789
2668,Dennison Crosswaite,Canada,85% Dark Bars,2025-08-01,2025,8,2024-08,3,8965.896,103.80467
2669,Beverie Moffet,New Zealand,Smooth Silky Salty,2025-05-19,2025,5,2024-05,2,7138.4165,129.24629
2670,Husein Augar,USA,White Choc,2025-07-13,2025,7,2024-07,3,6504.7163,123.1417
2671,Andria Kimpton,Australia,Peanut Butter Cubes,2025-04-20,2025,4,2024-04,2,3770.253,131.32886
2672,Dennison Crosswaite,India,85% Dark Bars,2025-06-30,2025,6,2024-06,2,7174.6123,126.2712
2673,Curtice Advani,UK,50% Dark Bites,2025-03-08,2025,3,2024-03,1,4696.643,126.19996
2674,Gunar Cockshoot,USA,Fruit & Nut Bars,2025-03-09,2025,3,2024-03,1,11928.443,122.212776
2675,Oby Sorrel,Canada,Raspberry Choco,2025-06-16,2025,6,2024-06,2,3101.3552,147.37486
2676,Gigi Bohling,UK,Drinking Choco,2025-06-30,2025,6,2024-06,2,3879.5527,140.63141
2677,Kelci Walkden,India,Mint Chip Choco,2025-07-28,2025,7,2024-07,3,2998.4937,124.18582
2678,Karlen McCaffrey,Canada,Peanut Butter Cubes,2025-08-12,2025,8,2024-08,3,3863.9048,140.69391
2679,Barr Faughny,UK,Mint Chip Choco,2025-07-07,2025,7,2024-07,3,4206.414,161.19342
2680,Barr Faughny,USA,85% Dark Bars,2025-08-25,2025,8,2024-08,3,11403.992,108.445404
2681,Husein Augar,Canada,Eclairs,2025-01-17,2025,1,2024-01,1,4167.837,152.8734
2682,Jan Morforth,Australia,70% Dark Bites,2025-03-04,2025,3,2024-03,1,6706.6763,139.25696
2683,Marney O'Breen,New Zealand,Fruit & Nut Bars,2025-08-25,2025,8,2024-08,3,7040.7163,147.33829
2684,Ches Bonnell,UK,Peanut Butter Cubes,2025-04-15,2025,4,2024-04,2,9706.329,163.7399
2685,Kaine Padly,USA,Organic Choco Syrup,2025-03-11,2025,3,2024-03,1,4894.1855,158.00984
2686,Camilla Castle,USA,Raspberry Choco,2025-05-20,2025,5,2024-05,2,6893.619,140.35997
2687,Brien Boise,New Zealand,Manuka Honey Choco,2025-06-14,2025,6,2024-06,2,6520.633,111.56597
2688,Jehu Rudeforth,New Zealand,After Nines,2025-04-14,2025,4,2024-04,2,3923.2427,112.92719
2689,Jehu Rudeforth,USA,Smooth Silky Salty,2025-07-07,2025,7,2024-07,3,4636.112,140.91765
2690,Madelene Upcott,India,Mint Chip Choco,2025-08-24,2025,8,2024-08,3,3656.2888,153.49115
2691,Jehu Rudeforth,India,Eclairs,2025-02-24,2025,2,2024-02,1,10712.5625,107.55984
2692,Karlen McCaffrey,Canada,Raspberry Choco,2025-05-09,2025,5,2024-05,2,4994.7363,165.0893
2693,Kaine Padly,Australia,70% Dark Bites,2025-02-08,2025,2,2024-02,1,9610.951,105.947914
2694,Roddy Speechley,UK,70% Dark Bites,2025-03-24,2025,3,2024-03,1,1721.7482,152.28058
2695,Rafaelita Blaksland,USA,Drinking Choco,2025-06-20,2025,6,2024-06,2,10501.968,171.21408
2696,Mallorie Waber,Canada,Manuka Honey Choco,2025-03-07,2025,3,2024-03,1,5601.2954,121.50664
2697,Kaine Padly,Australia,Fruit & Nut Bars,2025-06-20,2025,6,2024-06,2,9707.808,99.72979
2698,Oby Sorrel,New Zealand,Organic Choco Syrup,2025-02-17,2025,2,2024-02,1,8171.175,152.16844
2699,Madelene Upcott,UK,99% Dark & Pure,2025-01-26,2025,1,2024-01,1,10861.169,152.53427
2700,Madelene Upcott,Australia,Mint Chip Choco,2025-05-02,2025,5,2024-05,2,5438.8267,140.62048
2701,Curtice Advani,Canada,99% Dark & Pure,2025-07-07,2025,7,2024-07,3,9648.104,98.958824
2702,Rafaelita Blaksland,Australia,Baker's Choco Chips,2025-08-22,2025,8,2024-08,3,3008.8508,129.10272
2703,Karlen McCaffrey,Australia,After Nines,2025-08-11,2025,8,2024-08,3,1550.6045,115.77577
2704,Marney O'Breen,UK,99% Dark & Pure,2025-01-13,2025,1,2024-01,1,11578.473,143.47356
2705,Gunar Cockshoot,Australia,50% Dark Bites,2025-03-02,2025,3,2024-03,1,8206.069,120.0605
2706,Marney O'Breen,Australia,Choco Coated Almonds,2025-07-27,2025,7,2024-07,3,7645.0366,136.2068
2707,Kelci Walkden,New Zealand,Drinking Choco,2025-03-10,2025,3,2024-03,1,9342.024,117.49581
2708,Beverie Moffet,USA,85% Dark Bars,2025-08-23,2025,8,2024-08,3,14861.525,112.35957
2709,Roddy Speechley,USA,Eclairs,2025-04-25,2025,4,2024-04,2,4807.1836,140.73949
2710,Dennison Crosswaite,UK,Milk Bars,2025-03-07,2025,3,2024-03,1,8160.6904,133.4142
2711,Wilone O'Kielt,UK,Organic Choco Syrup,2025-07-12,2025,7,2024-07,3,2496.3508,113.07451
2712,Madelene Upcott,USA,Orange Choco,2025-05-16,2025,5,2024-05,2,9442.307,130.18297
2713,Gunar Cockshoot,India,Smooth Silky Salty,2025-03-02,2025,3,2024-03,1,2755.529,140.9755
2714,Marney O'Breen,New Zealand,85% Dark Bars,2025-05-30,2025,5,2024-05,2,1937.2946,156.88564
2715,Marney O'Breen,UK,Manuka Honey Choco,2025-06-10,2025,6,2024-06,2,16287.15,140.40242
2716,Brien Boise,USA,99% Dark & Pure,2025-07-25,2025,7,2024-07,3,13119.231,129.05006
2717,Beverie Moffet,New Zealand,Mint Chip Choco,2025-06-09,2025,6,2024-06,2,5103.7544,135.46251
2718,Dennison Crosswaite,USA,Milk Bars,2025-05-12,2025,5,2024-05,2,4308.2495,169.30327
2719,Gunar Cockshoot,USA,Drinking Choco,2025-05-09,2025,5,2024-05,2,4082.079,143.43565
2720,Brien Boise,Canada,Manuka Honey Choco,2025-08-09,2025,8,2024-08,3,6775.881,189.83853
2721,Van Tuxwell,India,Choco Coated Almonds,2025-04-13,2025,4,2024-04,2,3611.2734,192.9496
2722,Andria Kimpton,USA,Caramel Stuffed Bars,2025-05-02,2025,5,2024-05,2,13689.583,102.49754
2723,Dotty Strutley,USA,99% Dark & Pure,2025-08-09,2025,8,2024-08,3,8110.497,165.95732
2724,Camilla Castle,Australia,Raspberry Choco,2025-08-23,2025,8,2024-08,3,3134.9048,144.5206
2725,Gunar Cockshoot,India,Spicy Special Slims,2025-05-13,2025,5,2024-05,2,7770.6377,138.4768
2726,Karlen McCaffrey,USA,Manuka Honey Choco,2025-02-01,2025,2,2024-02,1,12357.024,140.68282
2727,Camilla Castle,USA,50% Dark Bites,2025-06-23,2025,6,2024-06,2,7332.541,167.34528
2728,Madelene Upcott,UK,Choco Coated Almonds,2025-05-24,2025,5,2024-05,2,6787.929,165.3083
2729,Jan Morforth,Canada,Mint Chip Choco,2025-04-01,2025,4,2024-04,2,10629.172,241.90382
2730,Camilla Castle,Canada,70% Dark Bites,2025-07-27,2025,7,2024-07,3,14759.998,116.71079
2731,Ches Bonnell,India,Peanut Butter Cubes,2025-01-27,2025,1,2024-01,1,17719.941,135.33783
2732,Jan Morforth,India,Choco Coated Almonds,2025-08-12,2025,8,2024-08,3,1927.6725,148.7021
2733,Gigi Bohling,Canada,Almond Choco,2025-02-01,2025,2,2024-02,1,5923.428,145.00389
2734,Rafaelita Blaksland,India,After Nines,2025-03-02,2025,3,2024-03,1,3905.5562,133.99739
2735,Kelci Walkden,Australia,99% Dark & Pure,2025-06-30,2025,6,2024-06,2,3869.892,161.23409
2736,Dotty Strutley,Australia,Spicy Special Slims,2025-01-17,2025,1,2024-01,1,5561.7446,112.44698
2737,Brien Boise,USA,Milk Bars,2025-07-07,2025,7,2024-07,3,12652.171,130.99889
2738,Mallorie Waber,New Zealand,Mint Chip Choco,2025-01-31,2025,1,2024-01,1,4707.1123,150.30882
2739,Beverie Moffet,UK,99% Dark & Pure,2025-08-10,2025,8,2024-08,3,3604.0396,169.83092
2740,Beverie Moffet,USA,Peanut Butter Cubes,2025-08-18,2025,8,2024-08,3,14250.825,177.06097
2741,Brien Boise,New Zealand,White Choc,2025-06-15,2025,6,2024-06,2,4911.928,123.828
2742,Marney O'Breen,USA,Baker's Choco Chips,2025-01-26,2025,1,2024-01,1,6671.2227,128.2074
2743,Kelci Walkden,USA,Spicy Special Slims,2025-04-29,2025,4,2024-04,2,665.6583,137.12178
2744,Mallorie Waber,Canada,White Choc,2025-03-03,2025,3,2024-03,1,2026.3463,140.80893
2745,Kaine Padly,Australia,Almond Choco,2025-02-22,2025,2,2024-02,1,4624.068,138.82652
2746,Oby Sorrel,USA,Smooth Silky Salty,2025-03-04,2025,3,2024-03,1,7587.489,153.97018
2747,Dennison Crosswaite,India,Smooth Silky Salty,2025-07-07,2025,7,2024-07,3,3939.6267,129.73271
2748,Camilla Castle,New Zealand,Caramel Stuffed Bars,2025-06-17,2025,6,2024-06,2,4297.9243,127.541176
2749,Jan Morforth,Canada,Caramel Stuffed Bars,2025-08-02,2025,8,2024-08,3,6019.4746,116.409966
2750,Oby Sorrel,USA,Baker's Choco Chips,2025-08-12,2025,8,2024-08,3,11500.624,158.61235
2751,Madelene Upcott,New Zealand,Peanut Butter Cubes,2025-01-28,2025,1,2024-01,1,12749.54,132.12459
2752,Kelci Walkden,Australia,Orange Choco,2025-04-29,2025,4,2024-04,2,10360.179,94.4417
2753,Marney O'Breen,Australia,Manuka Honey Choco,2025-04-05,2025,4,2024-04,2,15297.422,115.15736
2754,Kaine Padly,Canada,Manuka Honey Choco,2025-01-18,2025,1,2024-01,1,6152.7275,133.08278
2755,Jehu Rudeforth,UK,Baker's Choco Chips,2025-05-16,2025,5,2024-05,2,2927.6262,159.25237
2756,Kelci Walkden,Australia,White Choc,2025-08-24,2025,8,2024-08,3,10940.001,104.109955
2757,Curtice Advani,India,85% Dark Bars,2025-01-18,2025,1,2024-01,1,1517.4248,196.61267
2758,Kaine Padly,USA,Eclairs,2025-08-22,2025,8,2024-08,3,8990.347,151.51266
2759,Gunar Cockshoot,UK,99% Dark & Pure,2025-03-07,2025,3,2024-03,1,3719.3235,175.38063
2760,Beverie Moffet,UK,Choco Coated Almonds,2025-03-04,2025,3,2024-03,1,5371.1025,118.08072
2761,Dotty Strutley,Canada,Manuka Honey Choco,2025-04-22,2025,4,2024-04,2,6215.976,111.627625
2762,Kaine Padly,Australia,Milk Bars,2025-06-09,2025,6,2024-06,2,10231.741,102.56454
2763,Jan Morforth,Canada,Fruit & Nut Bars,2025-07-25,2025,7,2024-07,3,5625.405,136.36725
2764,Jan Morforth,India,Smooth Silky Salty,2025-08-03,2025,8,2024-08,3,11908.143,133.91191
2765,Rafaelita Blaksland,Australia,Manuka Honey Choco,2025-08-03,2025,8,2024-08,3,3032.7202,160.77618
2766,Jehu Rudeforth,UK,Milk Bars,2025-05-03,2025,5,2024-05,2,8536.919,154.1538
2767,Husein Augar,Canada,After Nines,2025-01-19,2025,1,2024-01,1,10561.156,106.28963
2768,Roddy Speechley,USA,50% Dark Bites,2025-02-11,2025,2,2024-02,1,7646.837,125.473145
2769,Van Tuxwell,India,Almond Choco,2025-06-14,2025,6,2024-06,2,9419.107,125.05858
2770,Kelci Walkden,USA,50% Dark Bites,2025-03-23,2025,3,2024-03,1,7460.7524,133.26501
2771,Madelene Upcott,Canada,85% Dark Bars,2025-02-17,2025,2,2024-02,1,8143.4165,137.97617
2772,Dennison Crosswaite,Canada,Smooth Silky Salty,2025-03-17,2025,3,2024-03,1,4016.0398,126.01312
2773,Mallorie Waber,Australia,Spicy Special Slims,2025-06-29,2025,6,2024-06,2,9505.7,142.31316
2774,Ches Bonnell,Canada,Choco Coated Almonds,2025-08-24,2025,8,2024-08,3,9135.34,145.45172
2775,Gigi Bohling,Canada,Spicy Special Slims,2025-07-04,2025,7,2024-07,3,14786.596,104.00509
2776,Roddy Speechley,New Zealand,Almond Choco,2025-03-28,2025,3,2024-03,1,3591.889,131.78665
2777,Curtice Advani,India,Smooth Silky Salty,2025-04-19,2025,4,2024-04,2,11600.966,136.02197
2778,Ches Bonnell,New Zealand,Mint Chip Choco,2025-01-18,2025,1,2024-01,1,6341.955,152.40784
2779,Van Tuxwell,New Zealand,Fruit & Nut Bars,2025-01-17,2025,1,2024-01,1,4667.8936,120.92385
2780,Andria Kimpton,New Zealand,Mint Chip Choco,2025-02-15,2025,2,2024-02,1,12858.985,92.23217
2781,Andria Kimpton,UK,Milk Bars,2025-02-11,2025,2,2024-02,1,18538.922,139.90157
2782,Camilla Castle,USA,Manuka Honey Choco,2025-03-21,2025,3,2024-03,1,8904.195,127.326706
2783,Gunar Cockshoot,New Zealand,Almond Choco,2025-01-05,2025,1,2024-01,1,4463.079,156.8094
2784,Brien Boise,India,Raspberry Choco,2025-05-30,2025,5,2024-05,2,2913.4712,128.8311
2785,Jehu Rudeforth,USA,99% Dark & Pure,2025-01-04,2025,1,2024-01,1,5174.9624,138.96695
2786,Beverie Moffet,Australia,Fruit & Nut Bars,2025-04-22,2025,4,2024-04,2,4493.67,130.5895
2787,Gigi Bohling,Canada,Milk Bars,2025-02-10,2025,2,2024-02,1,3380.0776,100.99807
2788,Dotty Strutley,India,Spicy Special Slims,2025-08-12,2025,8,2024-08,3,4211.1284,143.31604
2789,Gunar Cockshoot,USA,Organic Choco Syrup,2025-08-10,2025,8,2024-08,3,8350.0205,123.68017
2790,Kelci Walkden,Australia,Raspberry Choco,2025-06-07,2025,6,2024-06,2,4104.5317,135.00363
2791,Jehu Rudeforth,India,Baker's Choco Chips,2025-06-06,2025,6,2024-06,2,1558.35,167.0762
2792,Karlen McCaffrey,New Zealand,Baker's Choco Chips,2025-04-05,2025,4,2024-04,2,4829.209,103.13868
2793,Wilone O'Kielt,USA,50% Dark Bites,2025-04-18,2025,4,2024-04,2,7853.1187,128.64342
2794,Andria Kimpton,India,50% Dark Bites,2025-01-31,2025,1,2024-01,1,6970.563,106.93394
2795,Madelene Upcott,USA,Baker's Choco Chips,2025-08-22,2025,8,2024-08,3,8524.754,150.49345
2796,Jehu Rudeforth,Australia,99% Dark & Pure,2025-02-25,2025,2,2024-02,1,5208.952,183.32283
2797,Jan Morforth,Australia,Mint Chip Choco,2025-02-22,2025,2,2024-02,1,19498.393,137.6565
2798,Oby Sorrel,New Zealand,Milk Bars,2025-01-12,2025,1,2024-01,1,6918.341,138.4034
2799,Brien Boise,UK,Almond Choco,2025-05-25,2025,5,2024-05,2,2937.0144,157.26823
2800,Kelci Walkden,India,Smooth Silky Salty,2025-02-01,2025,2,2024-02,1,7572.5625,104.19476
2801,Rafaelita Blaksland,UK,Eclairs,2025-04-27,2025,4,2024-04,2,12658.954,148.514
2802,Gigi Bohling,USA,Smooth Silky Salty,2025-07-22,2025,7,2024-07,3,2625.6318,131.53963
2803,Curtice Advani,New Zealand,Mint Chip Choco,2025-01-26,2025,1,2024-01,1,6365.494,159.90778
2804,Curtice Advani,USA,Mint Chip Choco,2025-08-24,2025,8,2024-08,3,7471.5015,163.69724
2805,Madelene Upcott,New Zealand,Fruit & Nut Bars,2025-01-18,2025,1,2024-01,1,9590.075,135.54298
2806,Karlen McCaffrey,India,85% Dark Bars,2025-03-30,2025,3,2024-03,1,2504.2253,145.77019
2807,Ches Bonnell,Australia,Caramel Stuffed Bars,2025-01-17,2025,1,2024-01,1,6717.0327,130.8534
2808,Kelci Walkden,USA,Fruit & Nut Bars,2025-02-17,2025,2,2024-02,1,8137.7383,149.74016
2809,Kelci Walkden,Canada,Peanut Butter Cubes,2025-04-08,2025,4,2024-04,2,10213.943,161.41187
2810,Gigi Bohling,Canada,Drinking Choco,2025-07-06,2025,7,2024-07,3,5921.586,140.31541
2811,Husein Augar,India,Fruit & Nut Bars,2025-04-04,2025,4,2024-04,2,3213.574,157.48837
2812,Jan Morforth,New Zealand,Organic Choco Syrup,2025-03-02,2025,3,2024-03,1,2566.7012,158.26633
2813,Gigi Bohling,New Zealand,Raspberry Choco,2025-08-09,2025,8,2024-08,3,3365.5803,162.13063
2814,Dennison Crosswaite,Australia,Milk Bars,2025-06-09,2025,6,2024-06,2,8341.71,106.10814
2815,Ches Bonnell,UK,Caramel Stuffed Bars,2025-06-02,2025,6,2024-06,2,7206.109,145.82729
2816,Van Tuxwell,USA,Fruit & Nut Bars,2025-07-05,2025,7,2024-07,3,4049.636,151.35345
2817,Andria Kimpton,Canada,Eclairs,2025-08-11,2025,8,2024-08,3,1316.881,158.98056
2818,Madelene Upcott,India,Choco Coated Almonds,2025-02-11,2025,2,2024-02,1,2597.5942,174.75137
2819,Kelci Walkden,New Zealand,Spicy Special Slims,2025-08-11,2025,8,2024-08,3,773.1046,143.46573
2820,Roddy Speechley,Australia,Drinking Choco,2025-05-12,2025,5,2024-05,2,8407.876,120.7386
2821,Wilone O'Kielt,USA,Milk Bars,2025-07-15,2025,7,2024-07,3,1446.3707,86.275154
2822,Andria Kimpton,India,Organic Choco Syrup,2025-01-18,2025,1,2024-01,1,6535.122,129.39966
2823,Madelene Upcott,UK,Fruit & Nut Bars,2025-01-05,2025,1,2024-01,1,10108.151,157.85983
2824,Curtice Advani,Australia,50% Dark Bites,2025-06-29,2025,6,2024-06,2,3469.5881,149.76045
2825,Brien Boise,Canada,Raspberry Choco,2025-06-14,2025,6,2024-06,2,4260.4077,170.93593
2826,Gunar Cockshoot,India,Mint Chip Choco,2025-08-08,2025,8,2024-08,3,6571.3755,165.13193
2827,Dennison Crosswaite,India,Mint Chip Choco,2025-03-23,2025,3,2024-03,1,8447.4795,108.81176
2828,Barr Faughny,India,Caramel Stuffed Bars,2025-01-04,2025,1,2024-01,1,3674.4004,144.31197
2829,Brien Boise,India,Milk Bars,2025-02-22,2025,2,2024-02,1,10562.926,120.771416
2830,Beverie Moffet,UK,Spicy Special Slims,2025-02-17,2025,2,2024-02,1,4715.1025,152.47855
2831,Barr Faughny,USA,Almond Choco,2025-02-03,2025,2,2024-02,1,6215.285,167.06157
2832,Van Tuxwell,Canada,Raspberry Choco,2025-03-17,2025,3,2024-03,1,3173.5874,167.03693
2833,Wilone O'Kielt,Australia,Baker's Choco Chips,2025-01-25,2025,1,2024-01,1,3496.766,81.185326
2834,Brien Boise,Australia,Milk Bars,2025-07-27,2025,7,2024-07,3,10694.525,130.18935
2835,Husein Augar,Australia,Fruit & Nut Bars,2025-01-28,2025,1,2024-01,1,5851.0825,145.20686
2836,Madelene Upcott,Australia,Organic Choco Syrup,2025-07-05,2025,7,2024-07,3,6168.6035,150.8186
2837,Van Tuxwell,India,White Choc,2025-03-15,2025,3,2024-03,1,1599.4352,169.14772
2838,Gunar Cockshoot,Canada,After Nines,2025-08-04,2025,8,2024-08,3,5945.9336,133.72728
2839,Jan Morforth,USA,Fruit & Nut Bars,2025-06-27,2025,6,2024-06,2,6050.3003,110.658714
2840,Jan Morforth,Canada,After Nines,2025-07-13,2025,7,2024-07,3,5615.68,152.02248
2841,Barr Faughny,New Zealand,Manuka Honey Choco,2025-02-24,2025,2,2024-02,1,7379.877,98.705696
2842,Karlen McCaffrey,New Zealand,85% Dark Bars,2025-06-28,2025,6,2024-06,2,2843.3857,126.89283
2843,Oby Sorrel,Australia,85% Dark Bars,2025-06-30,2025,6,2024-06,2,5263.045,146.70145
2844,Curtice Advani,Canada,Choco Coated Almonds,2025-08-18,2025,8,2024-08,3,5274.3223,142.55403
2845,Kaine Padly,India,70% Dark Bites,2025-01-24,2025,1,2024-01,1,9885.5205,105.01014
2846,Beverie Moffet,USA,White Choc,2025-03-11,2025,3,2024-03,1,7421.683,165.2492
2847,Ches Bonnell,New Zealand,After Nines,2025-06-23,2025,6,2024-06,2,5704.571,137.9757
2848,Husein Augar,India,Spicy Special Slims,2025-08-22,2025,8,2024-08,3,3315.2039,139.96825
2849,Gunar Cockshoot,Canada,50% Dark Bites,2025-01-04,2025,1,2024-01,1,11908.853,100.99829
2850,Curtice Advani,India,Milk Bars,2025-04-05,2025,4,2024-04,2,4088.1052,188.20308
2851,Beverie Moffet,India,Milk Bars,2025-04-15,2025,4,2024-04,2,2398.9011,167.00519
2852,Husein Augar,Australia,White Choc,2025-05-11,2025,5,2024-05,2,8690.71,118.343315
2853,Andria Kimpton,Canada,Manuka Honey Choco,2025-07-21,2025,7,2024-07,3,6478.1685,146.86203
2854,Jan Morforth,New Zealand,Orange Choco,2025-02-11,2025,2,2024-02,1,2682.2085,165.36003
2855,Andria Kimpton,Canada,Smooth Silky Salty,2025-07-08,2025,7,2024-07,3,1578.9202,121.54159
2856,Gunar Cockshoot,UK,Raspberry Choco,2025-08-11,2025,8,2024-08,3,2316.4346,152.5373
2857,Husein Augar,New Zealand,After Nines,2025-08-04,2025,8,2024-08,3,6478.168,146.64548
2858,Andria Kimpton,New Zealand,Orange Choco,2025-06-14,2025,6,2024-06,2,3970.3108,143.48882
2859,Dennison Crosswaite,UK,Baker's Choco Chips,2025-01-17,2025,1,2024-01,1,13743.2,143.15204
2860,Jehu Rudeforth,Canada,Orange Choco,2025-06-23,2025,6,2024-06,2,6893.7227,117.170204
2861,Jehu Rudeforth,UK,Smooth Silky Salty,2025-08-24,2025,8,2024-08,3,6773.0103,160.01094
2862,Andria Kimpton,UK,Caramel Stuffed Bars,2025-06-07,2025,6,2024-06,2,9985.91,116.43045
2863,Jan Morforth,UK,White Choc,2025-06-22,2025,6,2024-06,2,5710.0283,136.90652
2864,Dotty Strutley,USA,Fruit & Nut Bars,2025-07-13,2025,7,2024-07,3,1055.1696,138.9788
2865,Kelci Walkden,UK,Choco Coated Almonds,2025-05-24,2025,5,2024-05,2,11169.1875,141.38312
2866,Gunar Cockshoot,New Zealand,After Nines,2025-08-09,2025,8,2024-08,3,5685.0596,141.36679
2867,Kaine Padly,Canada,85% Dark Bars,2025-04-06,2025,4,2024-04,2,1632.0382,127.69401
2868,Jan Morforth,New Zealand,Manuka Honey Choco,2025-07-28,2025,7,2024-07,3,3616.5522,168.87305
2869,Gunar Cockshoot,New Zealand,Raspberry Choco,2025-08-24,2025,8,2024-08,3,2640.6892,160.83852
2870,Van Tuxwell,Australia,99% Dark & Pure,2025-01-17,2025,1,2024-01,1,8427.63,152.60866
2871,Curtice Advani,USA,Drinking Choco,2025-02-07,2025,2,2024-02,1,3863.885,111.67973
2872,Brien Boise,Australia,Spicy Special Slims,2025-05-09,2025,5,2024-05,2,6450.69,131.32048
2873,Mallorie Waber,New Zealand,85% Dark Bars,2025-06-06,2025,6,2024-06,2,3040.136,128.90128
2874,Wilone O'Kielt,USA,Choco Coated Almonds,2025-06-06,2025,6,2024-06,2,9081.32,135.90776
2875,Beverie Moffet,New Zealand,Organic Choco Syrup,2025-05-24,2025,5,2024-05,2,8304.499,79.11241
2876,Gunar Cockshoot,UK,50% Dark Bites,2025-01-13,2025,1,2024-01,1,8304.134,142.16669
2877,Marney O'Breen,USA,Raspberry Choco,2025-05-23,2025,5,2024-05,2,7743.3906,129.57549
2878,Jehu Rudeforth,UK,White Choc,2025-06-29,2025,6,2024-06,2,4194.8228,154.38763
2879,Jehu Rudeforth,New Zealand,85% Dark Bars,2025-03-11,2025,3,2024-03,1,4548.3057,146.9145
2880,Dotty Strutley,USA,85% Dark Bars,2025-04-25,2025,4,2024-04,2,11897.281,136.33652
2881,Rafaelita Blaksland,Australia,Smooth Silky Salty,2025-05-30,2025,5,2024-05,2,6022.6494,115.32288
2882,Curtice Advani,India,Manuka Honey Choco,2025-05-23,2025,5,2024-05,2,1223.5671,154.94267
2883,Mallorie Waber,USA,Peanut Butter Cubes,2025-05-23,2025,5,2024-05,2,1559.789,190.68448
2884,Van Tuxwell,Canada,Peanut Butter Cubes,2025-06-24,2025,6,2024-06,2,5200.026,171.76509
2885,Kelci Walkden,New Zealand,Smooth Silky Salty,2025-03-11,2025,3,2024-03,1,5845.358,148.33482
2886,Rafaelita Blaksland,USA,Smooth Silky Salty,2025-07-27,2025,7,2024-07,3,6070.8745,143.11551
2887,Rafaelita Blaksland,USA,White Choc,2025-08-16,2025,8,2024-08,3,8762.441,110.238144
2888,Roddy Speechley,Canada,Smooth Silky Salty,2025-03-07,2025,3,2024-03,1,5412.1143,128.5706
2889,Curtice Advani,New Zealand,After Nines,2025-04-05,2025,4,2024-04,2,10423.658,98.61675
2890,Camilla Castle,India,85% Dark Bars,2025-05-04,2025,5,2024-05,2,7409.262,153.5288
2891,Ches Bonnell,USA,Choco Coated Almonds,2025-01-04,2025,1,2024-01,1,14249.876,140.42249
2892,Marney O'Breen,Australia,Baker's Choco Chips,2025-01-13,2025,1,2024-01,1,7013.1543,123.16204
2893,Wilone O'Kielt,New Zealand,Fruit & Nut Bars,2025-07-11,2025,7,2024-07,3,3081.1008,130.6363
2894,Kaine Padly,Australia,Mint Chip Choco,2025-05-17,2025,5,2024-05,2,5301.4453,147.73935
2895,Camilla Castle,New Zealand,Peanut Butter Cubes,2025-07-21,2025,7,2024-07,3,5999.1147,166.66876
2896,Curtice Advani,Canada,Organic Choco Syrup,2025-02-22,2025,2,2024-02,1,2105.5835,148.70927
2897,Jan Morforth,India,99% Dark & Pure,2025-05-23,2025,5,2024-05,2,12972.054,95.8887
2898,Rafaelita Blaksland,Canada,Drinking Choco,2025-07-12,2025,7,2024-07,3,11237.75,141.14342
2899,Jan Morforth,UK,Orange Choco,2025-06-15,2025,6,2024-06,2,2923.6836,144.38066
2900,Barr Faughny,New Zealand,50% Dark Bites,2025-06-23,2025,6,2024-06,2,6171.2476,164.6532
2901,Curtice Advani,Australia,Eclairs,2025-03-25,2025,3,2024-03,1,3919.3132,127.08126
2902,Jan Morforth,India,Caramel Stuffed Bars,2025-07-04,2025,7,2024-07,3,2858.0698,159.23267
2903,Andria Kimpton,UK,White Choc,2025-05-12,2025,5,2024-05,2,9318.334,114.451195
2904,Camilla Castle,New Zealand,Raspberry Choco,2025-04-04,2025,4,2024-04,2,7384.7046,83.81297
2905,Madelene Upcott,Australia,Orange Choco,2025-04-15,2025,4,2024-04,2,9414.773,131.50739
2906,Roddy Speechley,Canada,Eclairs,2025-03-08,2025,3,2024-03,1,4719.6772,140.68462
2907,Karlen McCaffrey,India,White Choc,2025-01-17,2025,1,2024-01,1,7956.095,104.59339
2908,Wilone O'Kielt,India,Mint Chip Choco,2025-08-22,2025,8,2024-08,3,8456.867,161.39285
2909,Andria Kimpton,UK,99% Dark & Pure,2025-07-25,2025,7,2024-07,3,2677.6394,129.44682
2910,Marney O'Breen,UK,50% Dark Bites,2025-06-14,2025,6,2024-06,2,2083.464,196.59575
2911,Ches Bonnell,India,Choco Coated Almonds,2025-04-05,2025,4,2024-04,2,10235.238,198.34106
2912,Madelene Upcott,UK,Raspberry Choco,2025-08-26,2025,8,2024-08,3,8590.911,157.82085
2913,Wilone O'Kielt,Australia,50% Dark Bites,2025-08-03,2025,8,2024-08,3,8151.9824,103.287544
2914,Gigi Bohling,Canada,White Choc,2025-07-11,2025,7,2024-07,3,4761.354,148.97166
2915,Wilone O'Kielt,New Zealand,Eclairs,2025-03-11,2025,3,2024-03,1,5173.667,133.95897
2916,Brien Boise,UK,Peanut Butter Cubes,2025-01-10,2025,1,2024-01,1,11087.882,135.23318
2917,Roddy Speechley,UK,Baker's Choco Chips,2025-04-04,2025,4,2024-04,2,13576.385,148.77661
2918,Karlen McCaffrey,Australia,50% Dark Bites,2025-01-17,2025,1,2024-01,1,4419.729,131.06418
2919,Marney O'Breen,New Zealand,Organic Choco Syrup,2025-07-08,2025,7,2024-07,3,4002.589,143.80267
2920,Jan Morforth,UK,Organic Choco Syrup,2025-04-12,2025,4,2024-04,2,1650.7058,192.96664
2921,Rafaelita Blaksland,Canada,Fruit & Nut Bars,2025-08-24,2025,8,2024-08,3,1585.5563,153.80714
2922,Ches Bonnell,UK,Choco Coated Almonds,2025-06-07,2025,6,2024-06,2,8160.2646,167.34898
2923,Gunar Cockshoot,Canada,Almond Choco,2025-07-28,2025,7,2024-07,3,4696.579,139.00504
2924,Husein Augar,USA,99% Dark & Pure,2025-02-21,2025,2,2024-02,1,5410.134,145.28734
2925,Dennison Crosswaite,Canada,Mint Chip Choco,2025-04-08,2025,4,2024-04,2,4483.8354,197.26967
2926,Brien Boise,UK,Manuka Honey Choco,2025-06-28,2025,6,2024-06,2,6702.353,124.86166
2927,Van Tuxwell,UK,Baker's Choco Chips,2025-03-24,2025,3,2024-03,1,5169.418,169.2681
2928,Barr Faughny,Australia,Caramel Stuffed Bars,2025-07-29,2025,7,2024-07,3,5264.9507,167.15692
2929,Dennison Crosswaite,USA,Eclairs,2025-05-25,2025,5,2024-05,2,2996.649,159.29216
2930,Gigi Bohling,Australia,Raspberry Choco,2025-03-30,2025,3,2024-03,1,2235.3982,151.87892
2931,Dennison Crosswaite,USA,Organic Choco Syrup,2025-07-18,2025,7,2024-07,3,10467.749,128.87471
2932,Beverie Moffet,Canada,Orange Choco,2025-05-10,2025,5,2024-05,2,16132.704,127.88827
2933,Mallorie Waber,Australia,Choco Coated Almonds,2025-03-18,2025,3,2024-03,1,15123.826,122.77746
2934,Ches Bonnell,India,Caramel Stuffed Bars,2025-06-15,2025,6,2024-06,2,9587.224,160.48059
2935,Van Tuxwell,Canada,50% Dark Bites,2025-05-12,2025,5,2024-05,2,7276.323,131.3211
2936,Kelci Walkden,New Zealand,Baker's Choco Chips,2025-06-23,2025,6,2024-06,2,2360.4429,164.59003
2937,Beverie Moffet,India,Spicy Special Slims,2025-04-21,2025,4,2024-04,2,3422.8928,117.75909
2938,Gigi Bohling,Australia,Almond Choco,2025-08-17,2025,8,2024-08,3,4881.438,129.30228
2939,Rafaelita Blaksland,New Zealand,Eclairs,2025-02-07,2025,2,2024-02,1,15015.857,108.7835
2940,Kelci Walkden,Canada,Smooth Silky Salty,2025-03-17,2025,3,2024-03,1,10026.002,142.01936
2941,Jan Morforth,India,Baker's Choco Chips,2025-08-01,2025,8,2024-08,3,7027.1025,135.49205
2942,Jehu Rudeforth,Australia,Milk Bars,2025-03-18,2025,3,2024-03,1,11229.411,107.77314
2943,Gigi Bohling,Canada,Fruit & Nut Bars,2025-06-14,2025,6,2024-06,2,7541.186,111.06226
2944,Beverie Moffet,UK,Eclairs,2025-04-22,2025,4,2024-04,2,6569.0884,135.09314
2945,Marney O'Breen,New Zealand,Eclairs,2025-01-18,2025,1,2024-01,1,6112.8154,130.77654
2946,Husein Augar,Australia,99% Dark & Pure,2025-08-26,2025,8,2024-08,3,5930.4277,183.4067
2947,Gunar Cockshoot,New Zealand,Fruit & Nut Bars,2025-06-10,2025,6,2024-06,2,13748.828,99.774376
2948,Curtice Advani,Canada,70% Dark Bites,2025-01-31,2025,1,2024-01,1,5083.8237,132.70319
2949,Kelci Walkden,New Zealand,Manuka Honey Choco,2025-04-08,2025,4,2024-04,2,12804.942,117.49397
2950,Dotty Strutley,Australia,Baker's Choco Chips,2025-06-07,2025,6,2024-06,2,2490.8013,156.17995
2951,Barr Faughny,Australia,85% Dark Bars,2025-02-10,2025,2,2024-02,1,10631.375,115.20897
2952,Beverie Moffet,Australia,50% Dark Bites,2025-05-16,2025,5,2024-05,2,1355.3213,131.71645
2953,Gunar Cockshoot,India,Baker's Choco Chips,2025-03-18,2025,3,2024-03,1,1920.3906,157.18219
2954,Van Tuxwell,Australia,50% Dark Bites,2025-07-13,2025,7,2024-07,3,9630.048,129.91396
2955,Oby Sorrel,USA,Manuka Honey Choco,2025-07-25,2025,7,2024-07,3,4085.4827,161.74614
2956,Van Tuxwell,Canada,Choco Coated Almonds,2025-08-19,2025,8,2024-08,3,3688.7737,131.39606
2957,Karlen McCaffrey,Canada,70% Dark Bites,2025-06-24,2025,6,2024-06,2,3321.739,144.63681
2958,Kelci Walkden,Canada,Fruit & Nut Bars,2025-06-20,2025,6,2024-06,2,12489.149,99.69223
2959,Camilla Castle,India,99% Dark & Pure,2025-08-02,2025,8,2024-08,3,2626.793,173.7755
2960,Madelene Upcott,New Zealand,70% Dark Bites,2025-02-22,2025,2,2024-02,1,13754.445,122.65236
2961,Mallorie Waber,New Zealand,Orange Choco,2025-02-01,2025,2,2024-02,1,7362.7837,167.24129
2962,Jan Morforth,Canada,70% Dark Bites,2025-02-14,2025,2,2024-02,1,10191.7705,107.807365
2963,Kelci Walkden,Australia,Milk Bars,2025-02-24,2025,2,2024-02,1,10977.606,102.420616
2964,Dennison Crosswaite,India,Orange Choco,2025-03-18,2025,3,2024-03,1,2552.9807,126.09146
2965,Husein Augar,UK,Eclairs,2025-08-30,2025,8,2024-08,3,4969.8774,155.29863
2966,Gigi Bohling,USA,Peanut Butter Cubes,2025-05-09,2025,5,2024-05,2,2537.1677,192.66383
2967,Wilone O'Kielt,USA,Smooth Silky Salty,2025-01-18,2025,1,2024-01,1,1718.9706,142.40292
2968,Curtice Advani,India,White Choc,2025-07-04,2025,7,2024-07,3,2833.9707,125.38634
2969,Oby Sorrel,New Zealand,Spicy Special Slims,2025-06-03,2025,6,2024-06,2,8477.583,144.58745
2970,Beverie Moffet,New Zealand,Peanut Butter Cubes,2025-02-23,2025,2,2024-02,1,11504.625,170.61801
2971,Dotty Strutley,New Zealand,99% Dark & Pure,2025-05-09,2025,5,2024-05,2,14366.836,101.79038
2972,Kelci Walkden,India,70% Dark Bites,2025-06-06,2025,6,2024-06,2,3026.727,150.44106
2973,Kelci Walkden,India,Drinking Choco,2025-07-04,2025,7,2024-07,3,7093.452,147.40884
2974,Brien Boise,New Zealand,Drinking Choco,2025-06-06,2025,6,2024-06,2,5706.372,144.487
2975,Dotty Strutley,Australia,Almond Choco,2025-05-13,2025,5,2024-05,2,7176.29,178.36533
2976,Wilone O'Kielt,New Zealand,Organic Choco Syrup,2025-01-31,2025,1,2024-01,1,2417.015,151.96758
2977,Ches Bonnell,New Zealand,Caramel Stuffed Bars,2025-06-30,2025,6,2024-06,2,6666.526,129.26556
2978,Barr Faughny,Canada,Manuka Honey Choco,2025-08-25,2025,8,2024-08,3,3790.7725,160.89868
2979,Gigi Bohling,New Zealand,Smooth Silky Salty,2025-01-10,2025,1,2024-01,1,3117.7283,185.21355
2980,Brien Boise,USA,Manuka Honey Choco,2025-08-22,2025,8,2024-08,3,7228.4707,194.62144
2981,Roddy Speechley,New Zealand,85% Dark Bars,2025-04-14,2025,4,2024-04,2,4054.3523,129.35588
2982,Oby Sorrel,UK,Smooth Silky Salty,2025-05-31,2025,5,2024-05,2,11882.773,138.8021
2983,Oby Sorrel,UK,Raspberry Choco,2025-04-08,2025,4,2024-04,2,8365.817,135.20436
2984,Roddy Speechley,USA,Drinking Choco,2025-02-21,2025,2,2024-02,1,8734.319,134.4225
2985,Andria Kimpton,Australia,Manuka Honey Choco,2025-03-30,2025,3,2024-03,1,6611.072,134.33351
2986,Mallorie Waber,India,Raspberry Choco,2025-03-02,2025,3,2024-03,1,3480.275,140.44164
2987,Jehu Rudeforth,USA,Orange Choco,2025-07-28,2025,7,2024-07,3,4877.926,183.723
2988,Kaine Padly,New Zealand,70% Dark Bites,2025-03-24,2025,3,2024-03,1,9581.103,117.59486
2989,Curtice Advani,Australia,After Nines,2025-08-11,2025,8,2024-08,3,6909.8467,142.51399
2990,Husein Augar,UK,Almond Choco,2025-05-17,2025,5,2024-05,2,10338.421,140.76965
2991,Kaine Padly,Canada,Choco Coated Almonds,2025-05-18,2025,5,2024-05,2,5298.7046,126.85257
2992,Roddy Speechley,UK,Peanut Butter Cubes,2025-08-17,2025,8,2024-08,3,11762.691,177.25026
2993,Ches Bonnell,New Zealand,Eclairs,2025-04-04,2025,4,2024-04,2,3748.302,140.16322
2994,Brien Boise,India,85% Dark Bars,2025-08-09,2025,8,2024-08,3,15397.566,128.40764
2995,Brien Boise,New Zealand,Organic Choco Syrup,2025-01-17,2025,1,2024-01,1,5909.7217,167.11313
2996,Andria Kimpton,Canada,White Choc,2025-02-14,2025,2,2024-02,1,4912.693,158.80981
2997,Gigi Bohling,New Zealand,Orange Choco,2025-05-16,2025,5,2024-05,2,5767.338,133.17545
2998,Ches Bonnell,Canada,Smooth Silky Salty,2025-03-16,2025,3,2024-03,1,8603.302,136.6932
2999,Husein Augar,Canada,70% Dark Bites,2025-01-31,2025,1,2024-01,1,10244.6875,104.927734
3000,Barr Faughny,Canada,Organic Choco Syrup,2025-03-10,2025,3,2024-03,1,1658.2115,146.07248
3001,Oby Sorrel,UK,Organic Choco Syrup,2025-06-30,2025,6,2024-06,2,7300.962,177.8993
3002,Van Tuxwell,New Zealand,Eclairs,2025-03-01,2025,3,2024-03,1,7377.812,121.9758
3003,Mallorie Waber,UK,Drinking Choco,2025-05-27,2025,5,2024-05,2,4114.605,127.71671
3004,Oby Sorrel,UK,Milk Bars,2025-07-11,2025,7,2024-07,3,6749.021,148.91832
3005,Karlen McCaffrey,New Zealand,Mint Chip Choco,2025-03-02,2025,3,2024-03,1,10327.184,111.59718
3006,Jehu Rudeforth,USA,Raspberry Choco,2025-03-04,2025,3,2024-03,1,8236.217,127.944176
3007,Kelci Walkden,UK,85% Dark Bars,2025-06-23,2025,6,2024-06,2,4787.504,153.03934
3008,Kelci Walkden,USA,Almond Choco,2025-01-27,2025,1,2024-01,1,5661.0693,165.03403
3009,Marney O'Breen,Canada,Orange Choco,2025-01-14,2025,1,2024-01,1,6792.136,126.188484
3010,Dennison Crosswaite,India,Fruit & Nut Bars,2025-07-29,2025,7,2024-07,3,1024.8597,146.92142
3011,Brien Boise,Canada,Smooth Silky Salty,2025-05-13,2025,5,2024-05,2,6823.649,155.35321
3012,Barr Faughny,Canada,Baker's Choco Chips,2025-02-03,2025,2,2024-02,1,9961.206,122.771515
3013,Brien Boise,India,Smooth Silky Salty,2025-05-27,2025,5,2024-05,2,4701.9795,122.89463
3014,Jan Morforth,Australia,Drinking Choco,2025-02-18,2025,2,2024-02,1,6193.5874,134.67894
3015,Brien Boise,India,Spicy Special Slims,2025-01-28,2025,1,2024-01,1,5579.021,112.54705
3016,Van Tuxwell,UK,Eclairs,2025-06-29,2025,6,2024-06,2,7368.339,143.28421
3017,Wilone O'Kielt,India,Caramel Stuffed Bars,2025-01-13,2025,1,2024-01,1,1518.152,112.483955
3018,Jehu Rudeforth,UK,After Nines,2025-06-27,2025,6,2024-06,2,3181.5955,121.19305
3019,Barr Faughny,Canada,White Choc,2025-03-29,2025,3,2024-03,1,4628.5483,148.49751
3020,Gunar Cockshoot,India,Organic Choco Syrup,2025-06-03,2025,6,2024-06,2,6851.9565,143.13138
3021,Mallorie Waber,Canada,Smooth Silky Salty,2025-03-21,2025,3,2024-03,1,3046.2595,116.2205
3022,Mallorie Waber,India,Eclairs,2025-04-12,2025,4,2024-04,2,5601.9683,134.29703
3023,Rafaelita Blaksland,Australia,Raspberry Choco,2025-01-19,2025,1,2024-01,1,6221.353,137.26285
3024,Karlen McCaffrey,UK,50% Dark Bites,2025-04-06,2025,4,2024-04,2,4814.311,145.8587
3025,Kaine Padly,Australia,50% Dark Bites,2025-08-02,2025,8,2024-08,3,6947.439,98.228714
3026,Gigi Bohling,Australia,Eclairs,2025-04-12,2025,4,2024-04,2,5166.4355,123.13793
3027,Oby Sorrel,India,Drinking Choco,2025-07-21,2025,7,2024-07,3,16157.721,144.6461
3028,Van Tuxwell,New Zealand,Baker's Choco Chips,2025-03-22,2025,3,2024-03,1,4848.112,148.62048
3029,Husein Augar,India,Peanut Butter Cubes,2025-05-09,2025,5,2024-05,2,4170.0737,164.89458
3030,Andria Kimpton,Australia,Baker's Choco Chips,2025-08-09,2025,8,2024-08,3,844.8961,102.24287
3031,Madelene Upcott,Canada,Choco Coated Almonds,2025-07-20,2025,7,2024-07,3,6851.221,162.10849
3032,Brien Boise,India,70% Dark Bites,2025-04-14,2025,4,2024-04,2,5423.66,119.79817
3033,Jehu Rudeforth,Canada,White Choc,2025-01-25,2025,1,2024-01,1,3657.6797,110.843925
3034,Andria Kimpton,Australia,Almond Choco,2025-04-25,2025,4,2024-04,2,4090.3235,131.58904
3035,Dotty Strutley,Canada,After Nines,2025-01-17,2025,1,2024-01,1,1581.4293,112.69561
3036,Karlen McCaffrey,USA,Eclairs,2025-08-15,2025,8,2024-08,3,4838.317,150.48743
3037,Karlen McCaffrey,Canada,Fruit & Nut Bars,2025-06-02,2025,6,2024-06,2,598.6019,94.9141
3038,Gunar Cockshoot,USA,85% Dark Bars,2025-06-30,2025,6,2024-06,2,7185.682,123.0246
3039,Dotty Strutley,New Zealand,Raspberry Choco,2025-02-10,2025,2,2024-02,1,3809.8562,171.9858
3040,Marney O'Breen,Canada,Caramel Stuffed Bars,2025-02-23,2025,2,2024-02,1,2494.528,141.5079
3041,Dennison Crosswaite,India,Organic Choco Syrup,2025-01-27,2025,1,2024-01,1,8171.8945,134.99611
3042,Camilla Castle,UK,Mint Chip Choco,2025-05-26,2025,5,2024-05,2,3760.6235,200.37054
3043,Brien Boise,USA,70% Dark Bites,2025-04-14,2025,4,2024-04,2,5830.6187,153.80328
3044,Madelene Upcott,Australia,99% Dark & Pure,2025-08-01,2025,8,2024-08,3,4832.529,181.14313
3045,Mallorie Waber,Australia,Eclairs,2025-08-22,2025,8,2024-08,3,9532.319,138.13574
3046,Marney O'Breen,India,99% Dark & Pure,2025-07-22,2025,7,2024-07,3,7353.221,120.58628
3047,Husein Augar,USA,Fruit & Nut Bars,2025-04-28,2025,4,2024-04,2,3706.115,147.7803
3048,Kelci Walkden,Australia,Almond Choco,2025-05-30,2025,5,2024-05,2,3289.704,153.60754
3049,Ches Bonnell,USA,Milk Bars,2025-07-21,2025,7,2024-07,3,3600.7554,145.25368
3050,Jan Morforth,UK,Caramel Stuffed Bars,2025-08-02,2025,8,2024-08,3,5240.7495,124.38337
3051,Brien Boise,New Zealand,70% Dark Bites,2025-06-15,2025,6,2024-06,2,4566.8887,144.61398
3052,Oby Sorrel,India,85% Dark Bars,2025-07-05,2025,7,2024-07,3,8333.727,155.73218
3053,Kaine Padly,New Zealand,Smooth Silky Salty,2025-04-12,2025,4,2024-04,2,5472.148,163.6198
3054,Gigi Bohling,Australia,70% Dark Bites,2025-08-18,2025,8,2024-08,3,1782.9889,177.6919
3055,Jan Morforth,UK,50% Dark Bites,2025-01-12,2025,1,2024-01,1,4334.3604,140.292
3056,Gunar Cockshoot,Canada,White Choc,2025-08-11,2025,8,2024-08,3,10437.791,100.64417
3057,Jehu Rudeforth,Australia,Spicy Special Slims,2025-01-13,2025,1,2024-01,1,6910.4307,140.91066
3058,Husein Augar,UK,Baker's Choco Chips,2025-04-29,2025,4,2024-04,2,4631.3784,153.57872
3059,Rafaelita Blaksland,New Zealand,After Nines,2025-07-07,2025,7,2024-07,3,2962.727,164.58835
3060,Madelene Upcott,New Zealand,Mint Chip Choco,2025-03-11,2025,3,2024-03,1,8644.684,147.8802
3061,Madelene Upcott,UK,70% Dark Bites,2025-02-16,2025,2,2024-02,1,11439.757,146.92987
3062,Barr Faughny,Australia,Organic Choco Syrup,2025-01-07,2025,1,2024-01,1,2505.3489,177.08498
3063,Beverie Moffet,New Zealand,Drinking Choco,2025-01-12,2025,1,2024-01,1,4369.453,155.0871
3064,Beverie Moffet,India,Eclairs,2025-06-09,2025,6,2024-06,2,5460.965,124.54434
3065,Andria Kimpton,India,Eclairs,2025-05-16,2025,5,2024-05,2,786.07806,140.8428
3066,Gigi Bohling,UK,85% Dark Bars,2025-06-23,2025,6,2024-06,2,14309.482,137.29742
3067,Roddy Speechley,UK,Raspberry Choco,2025-01-28,2025,1,2024-01,1,17659.938,134.79819
3068,Dotty Strutley,UK,Mint Chip Choco,2025-07-14,2025,7,2024-07,3,5884.2695,208.70511
3069,Barr Faughny,Canada,Drinking Choco,2025-04-18,2025,4,2024-04,2,5584.4365,142.3671
3070,Oby Sorrel,USA,Milk Bars,2025-06-14,2025,6,2024-06,2,5711.201,125.11527
3071,Oby Sorrel,UK,Orange Choco,2025-04-15,2025,4,2024-04,2,12351.396,128.79391
3072,Curtice Advani,Canada,Peanut Butter Cubes,2025-05-19,2025,5,2024-05,2,6207.177,191.90515
3073,Gigi Bohling,India,White Choc,2025-04-13,2025,4,2024-04,2,3456.1326,132.82857
3074,Husein Augar,Canada,Choco Coated Almonds,2025-08-15,2025,8,2024-08,3,4006.906,137.60596
3075,Wilone O'Kielt,India,Choco Coated Almonds,2025-08-22,2025,8,2024-08,3,6088.7686,155.32968
3076,Wilone O'Kielt,New Zealand,Baker's Choco Chips,2025-04-22,2025,4,2024-04,2,4913.5425,124.59868
3077,Kaine Padly,UK,Choco Coated Almonds,2025-08-03,2025,8,2024-08,3,7067.219,158.56247
3078,Dennison Crosswaite,New Zealand,Organic Choco Syrup,2025-01-04,2025,1,2024-01,1,5770.486,160.80635
3079,Kelci Walkden,Canada,After Nines,2025-01-13,2025,1,2024-01,1,8570.918,126.3476
3080,Van Tuxwell,Australia,Baker's Choco Chips,2025-05-11,2025,5,2024-05,2,10014.027,131.5723
3081,Husein Augar,New Zealand,Peanut Butter Cubes,2025-02-16,2025,2,2024-02,1,2859.7178,125.644
3082,Kaine Padly,UK,Caramel Stuffed Bars,2025-05-20,2025,5,2024-05,2,11389.441,116.71873
3083,Jehu Rudeforth,UK,Drinking Choco,2025-02-03,2025,2,2024-02,1,4187.6133,110.06044
3084,Beverie Moffet,India,Manuka Honey Choco,2025-05-06,2025,5,2024-05,2,6278.918,187.7415
3085,Gunar Cockshoot,UK,Choco Coated Almonds,2025-06-30,2025,6,2024-06,2,9335.225,152.23412
3086,Gunar Cockshoot,UK,Smooth Silky Salty,2025-03-22,2025,3,2024-03,1,3023.7976,142.59435
3087,Camilla Castle,Canada,Orange Choco,2025-02-17,2025,2,2024-02,1,12510.613,156.5943
3088,Jehu Rudeforth,UK,85% Dark Bars,2025-07-07,2025,7,2024-07,3,7353.4683,154.34311
3089,Oby Sorrel,UK,70% Dark Bites,2025-03-16,2025,3,2024-03,1,6847.527,162.17285
3090,Kelci Walkden,UK,99% Dark & Pure,2025-08-12,2025,8,2024-08,3,5218.8027,181.79669
3091,Gigi Bohling,New Zealand,After Nines,2025-01-21,2025,1,2024-01,1,7882.1914,120.820404
3092,Oby Sorrel,Australia,50% Dark Bites,2025-05-06,2025,5,2024-05,2,3011.7932,144.98044
3093,Oby Sorrel,Canada,50% Dark Bites,2025-06-24,2025,6,2024-06,2,4352.208,147.81088
3094,Barr Faughny,USA,White Choc,2025-05-05,2025,5,2024-05,2,9327.399,128.22446
3095,Rafaelita Blaksland,New Zealand,99% Dark & Pure,2025-03-25,2025,3,2024-03,1,7310.5063,177.76028
3096,Curtice Advani,Australia,Caramel Stuffed Bars,2025-02-14,2025,2,2024-02,1,7675.5903,165.02083
3097,Curtice Advani,New Zealand,85% Dark Bars,2025-05-12,2025,5,2024-05,2,1895.9219,157.77574
3098,Barr Faughny,New Zealand,Smooth Silky Salty,2025-01-25,2025,1,2024-01,1,3239.5022,159.48811
3099,Ches Bonnell,UK,85% Dark Bars,2025-06-28,2025,6,2024-06,2,15379.542,182.2492
3100,Dennison Crosswaite,Australia,Drinking Choco,2025-07-13,2025,7,2024-07,3,6348.79,139.37877
3101,Roddy Speechley,USA,Milk Bars,2025-05-16,2025,5,2024-05,2,2223.9963,157.85445
3102,Jan Morforth,India,After Nines,2025-03-14,2025,3,2024-03,1,6154.2485,113.01008
3103,Gunar Cockshoot,USA,After Nines,2025-08-15,2025,8,2024-08,3,4234.417,132.8256
3104,Ches Bonnell,India,Orange Choco,2025-02-16,2025,2,2024-02,1,8030.2715,188.24405
3105,Mallorie Waber,UK,Manuka Honey Choco,2025-06-15,2025,6,2024-06,2,9212.632,125.23502
3106,Barr Faughny,Australia,Raspberry Choco,2025-05-27,2025,5,2024-05,2,10012.638,137.65634
3107,Wilone O'Kielt,USA,Drinking Choco,2025-06-14,2025,6,2024-06,2,1582.465,127.274414
3108,Wilone O'Kielt,India,Eclairs,2025-02-25,2025,2,2024-02,1,4960.713,107.39307
3109,Wilone O'Kielt,India,After Nines,2025-08-04,2025,8,2024-08,3,4158.4277,126.02488
3110,Kelci Walkden,India,99% Dark & Pure,2025-06-28,2025,6,2024-06,2,3216.2925,140.24649
3111,Gunar Cockshoot,Canada,Spicy Special Slims,2025-04-05,2025,4,2024-04,2,9255.767,119.39406
3112,Madelene Upcott,Canada,Peanut Butter Cubes,2025-07-05,2025,7,2024-07,3,11736.475,158.68137
3113,Kaine Padly,New Zealand,Eclairs,2025-01-20,2025,1,2024-01,1,11928.303,115.774284
3114,Ches Bonnell,New Zealand,Drinking Choco,2025-02-16,2025,2,2024-02,1,10130.78,134.74551
3115,Curtice Advani,UK,Drinking Choco,2025-07-12,2025,7,2024-07,3,2949.821,118.75533
3116,Kelci Walkden,India,Raspberry Choco,2025-06-16,2025,6,2024-06,2,3294.6,119.757935
3117,Dotty Strutley,Australia,Choco Coated Almonds,2025-04-13,2025,4,2024-04,2,2911.9724,143.03806
3118,Kaine Padly,UK,50% Dark Bites,2025-02-21,2025,2,2024-02,1,6091.5845,156.34999
3119,Roddy Speechley,Canada,Choco Coated Almonds,2025-05-11,2025,5,2024-05,2,5729.597,126.841805
3120,Ches Bonnell,India,50% Dark Bites,2025-04-15,2025,4,2024-04,2,18346.184,138.28397
3121,Oby Sorrel,Canada,Peanut Butter Cubes,2025-06-07,2025,6,2024-06,2,9462.8,198.6571
3122,Oby Sorrel,UK,White Choc,2025-06-27,2025,6,2024-06,2,3771.7356,173.33627
3123,Barr Faughny,India,After Nines,2025-07-29,2025,7,2024-07,3,8982.844,156.75006
3124,Wilone O'Kielt,Canada,Smooth Silky Salty,2025-06-02,2025,6,2024-06,2,2616.6082,113.5497
3125,Rafaelita Blaksland,India,Mint Chip Choco,2025-01-26,2025,1,2024-01,1,16195.64,153.67061
3126,Rafaelita Blaksland,Canada,99% Dark & Pure,2025-03-02,2025,3,2024-03,1,6891.497,169.06506
3127,Van Tuxwell,Australia,70% Dark Bites,2025-01-10,2025,1,2024-01,1,11739.132,101.51587
3128,Beverie Moffet,USA,70% Dark Bites,2025-06-27,2025,6,2024-06,2,1147.9989,159.16388
3129,Barr Faughny,Canada,Orange Choco,2025-06-30,2025,6,2024-06,2,6391.227,119.05191
3130,Roddy Speechley,Australia,85% Dark Bars,2025-07-08,2025,7,2024-07,3,3746.454,152.07948
3131,Oby Sorrel,India,Spicy Special Slims,2025-06-08,2025,6,2024-06,2,10136.859,135.353
3132,Jan Morforth,UK,Manuka Honey Choco,2025-08-18,2025,8,2024-08,3,2076.9238,168.92123
3133,Kaine Padly,Australia,After Nines,2025-04-08,2025,4,2024-04,2,12286.505,116.15801
3134,Wilone O'Kielt,Canada,Fruit & Nut Bars,2025-08-08,2025,8,2024-08,3,2216.2822,153.94191
3135,Wilone O'Kielt,UK,Milk Bars,2025-08-26,2025,8,2024-08,3,2018.9673,129.73077
3136,Oby Sorrel,Canada,Fruit & Nut Bars,2025-01-14,2025,1,2024-01,1,2411.3582,140.4869
3137,Dennison Crosswaite,USA,Baker's Choco Chips,2025-08-11,2025,8,2024-08,3,13909.316,138.71773
3138,Madelene Upcott,USA,Almond Choco,2025-05-31,2025,5,2024-05,2,10439.165,159.84515
3139,Van Tuxwell,New Zealand,50% Dark Bites,2025-07-11,2025,7,2024-07,3,5421.767,139.551
3140,Karlen McCaffrey,Canada,Caramel Stuffed Bars,2025-03-02,2025,3,2024-03,1,3409.4321,149.30768
3141,Madelene Upcott,Australia,Raspberry Choco,2025-07-13,2025,7,2024-07,3,5680.159,152.48108
3142,Rafaelita Blaksland,UK,Spicy Special Slims,2025-08-03,2025,8,2024-08,3,9832.703,144.6871
3143,Curtice Advani,UK,Peanut Butter Cubes,2025-03-01,2025,3,2024-03,1,10075.758,138.74136
3144,Kelci Walkden,New Zealand,White Choc,2025-04-13,2025,4,2024-04,2,8783.999,134.75343
3145,Beverie Moffet,Canada,Fruit & Nut Bars,2025-02-14,2025,2,2024-02,1,9538.457,167.16415
3146,Mallorie Waber,India,White Choc,2025-07-26,2025,7,2024-07,3,1696.9177,122.17796
3147,Brien Boise,UK,Drinking Choco,2025-01-27,2025,1,2024-01,1,5824.254,162.61932
3148,Jehu Rudeforth,India,Peanut Butter Cubes,2025-04-14,2025,4,2024-04,2,8611.448,118.30389
3149,Oby Sorrel,USA,Almond Choco,2025-05-19,2025,5,2024-05,2,6015.808,158.7626
3150,Husein Augar,India,Eclairs,2025-02-09,2025,2,2024-02,1,7079.4263,93.09658
3151,Brien Boise,UK,Spicy Special Slims,2025-05-25,2025,5,2024-05,2,5295.2314,153.97316
3152,Oby Sorrel,Australia,Manuka Honey Choco,2025-01-26,2025,1,2024-01,1,3550.5576,135.5711
3153,Beverie Moffet,India,White Choc,2025-07-04,2025,7,2024-07,3,4106.151,137.61644
3154,Ches Bonnell,India,Almond Choco,2025-04-13,2025,4,2024-04,2,16516.996,139.06606
3155,Gigi Bohling,Australia,Smooth Silky Salty,2025-01-25,2025,1,2024-01,1,2366.276,156.92159
3156,Camilla Castle,USA,85% Dark Bars,2025-04-25,2025,4,2024-04,2,7950.142,131.60567
3157,Camilla Castle,USA,Eclairs,2025-06-10,2025,6,2024-06,2,5149.3687,138.45276
3158,Madelene Upcott,New Zealand,White Choc,2025-08-22,2025,8,2024-08,3,16244.71,127.25911
3159,Van Tuxwell,India,After Nines,2025-06-27,2025,6,2024-06,2,8345.085,136.90245
3160,Husein Augar,India,Orange Choco,2025-06-30,2025,6,2024-06,2,6054.4395,154.22142
3161,Jehu Rudeforth,India,Almond Choco,2025-08-30,2025,8,2024-08,3,9931.729,125.676636
3162,Karlen McCaffrey,Australia,Raspberry Choco,2025-08-23,2025,8,2024-08,3,6150.1978,163.27678
3163,Camilla Castle,New Zealand,99% Dark & Pure,2025-08-26,2025,8,2024-08,3,2811.1726,150.2695
3164,Gigi Bohling,Australia,Orange Choco,2025-03-09,2025,3,2024-03,1,5764.16,109.282455
3165,Kelci Walkden,UK,Drinking Choco,2025-04-20,2025,4,2024-04,2,7547.119,154.83727
3166,Mallorie Waber,Canada,Caramel Stuffed Bars,2025-06-10,2025,6,2024-06,2,4271.691,117.5185
3167,Husein Augar,Australia,Organic Choco Syrup,2025-02-08,2025,2,2024-02,1,1505.5977,153.18246
3168,Brien Boise,Australia,White Choc,2025-08-25,2025,8,2024-08,3,6980.812,101.34373
3169,Dotty Strutley,India,Peanut Butter Cubes,2025-02-16,2025,2,2024-02,1,12534.376,112.4223
3170,Dennison Crosswaite,UK,99% Dark & Pure,2025-05-30,2025,5,2024-05,2,13644.887,110.026184
3171,Gigi Bohling,New Zealand,50% Dark Bites,2025-06-29,2025,6,2024-06,2,5069.942,169.28293
3172,Gigi Bohling,USA,Milk Bars,2025-06-16,2025,6,2024-06,2,1165.6353,73.181015
3173,Brien Boise,UK,Caramel Stuffed Bars,2025-03-04,2025,3,2024-03,1,2356.5107,166.40822
3174,Curtice Advani,New Zealand,Peanut Butter Cubes,2025-03-15,2025,3,2024-03,1,7692.1924,188.4778
3175,Curtice Advani,New Zealand,50% Dark Bites,2025-01-27,2025,1,2024-01,1,4674.8364,136.28156
3176,Beverie Moffet,Canada,Drinking Choco,2025-07-05,2025,7,2024-07,3,7968.046,166.26443
3177,Barr Faughny,USA,Caramel Stuffed Bars,2025-03-29,2025,3,2024-03,1,4411.7925,178.60359
3178,Mallorie Waber,Canada,Almond Choco,2025-05-12,2025,5,2024-05,2,4642.3335,149.66043
3179,Oby Sorrel,USA,Drinking Choco,2025-03-11,2025,3,2024-03,1,13546.181,170.06694
3180,Brien Boise,New Zealand,Eclairs,2025-07-11,2025,7,2024-07,3,5280.9375,113.973915
3181,Gunar Cockshoot,New Zealand,Choco Coated Almonds,2025-08-01,2025,8,2024-08,3,11984.075,134.1684
3182,Gunar Cockshoot,UK,Spicy Special Slims,2025-02-16,2025,2,2024-02,1,8731.894,136.94327
3183,Curtice Advani,USA,After Nines,2025-04-13,2025,4,2024-04,2,11039.211,106.86391
3184,Oby Sorrel,India,Choco Coated Almonds,2025-02-14,2025,2,2024-02,1,4711.9917,204.45312
3185,Ches Bonnell,Australia,Peanut Butter Cubes,2025-03-14,2025,3,2024-03,1,8286.749,151.607
3186,Oby Sorrel,Australia,Spicy Special Slims,2025-04-26,2025,4,2024-04,2,8928.322,135.1823
3187,Jehu Rudeforth,Canada,Manuka Honey Choco,2025-04-05,2025,4,2024-04,2,3981.589,107.01478
3188,Camilla Castle,Canada,Drinking Choco,2025-03-03,2025,3,2024-03,1,13879.732,113.98517
3189,Kaine Padly,USA,Spicy Special Slims,2025-06-13,2025,6,2024-06,2,4782.9854,153.30045
3190,Marney O'Breen,New Zealand,70% Dark Bites,2025-02-14,2025,2,2024-02,1,12269.558,102.91367
3191,Roddy Speechley,New Zealand,99% Dark & Pure,2025-04-18,2025,4,2024-04,2,8838.28,112.50169
3192,Oby Sorrel,New Zealand,85% Dark Bars,2025-02-01,2025,2,2024-02,1,9094.404,113.5438
3193,Dotty Strutley,New Zealand,Orange Choco,2025-08-04,2025,8,2024-08,3,1606.1704,177.15808
3194,Andria Kimpton,New Zealand,Almond Choco,2025-04-05,2025,4,2024-04,2,5418.1973,127.25042
3195,Karlen McCaffrey,Australia,99% Dark & Pure,2025-01-26,2025,1,2024-01,1,11277.078,149.3428
3196,Kaine Padly,UK,After Nines,2025-01-21,2025,1,2024-01,1,14021.1045,135.50467
3197,Kaine Padly,Canada,After Nines,2025-08-22,2025,8,2024-08,3,10573.113,132.73514
3198,Kaine Padly,UK,Drinking Choco,2025-01-27,2025,1,2024-01,1,2979.0093,159.66577
3199,Rafaelita Blaksland,UK,50% Dark Bites,2025-02-16,2025,2,2024-02,1,7917.602,156.9701
3200,Dotty Strutley,USA,Raspberry Choco,2025-01-03,2025,1,2024-01,1,6892.7983,133.12881
3201,Karlen McCaffrey,USA,White Choc,2025-08-24,2025,8,2024-08,3,13386.356,125.45705
3202,Oby Sorrel,USA,Spicy Special Slims,2025-02-07,2025,2,2024-02,1,5639.196,175.11772
3203,Mallorie Waber,Australia,Smooth Silky Salty,2025-02-11,2025,2,2024-02,1,6395.033,143.25296
3204,Kaine Padly,Canada,Organic Choco Syrup,2025-03-29,2025,3,2024-03,1,2575.493,143.72365
3205,Marney O'Breen,USA,Peanut Butter Cubes,2025-06-15,2025,6,2024-06,2,5051.3677,182.96715
3206,Dennison Crosswaite,UK,Smooth Silky Salty,2025-04-26,2025,4,2024-04,2,5831.9424,182.02695
3207,Brien Boise,Australia,Organic Choco Syrup,2025-07-15,2025,7,2024-07,3,8420.405,140.66206
3208,Beverie Moffet,India,Organic Choco Syrup,2025-06-23,2025,6,2024-06,2,5818.479,129.12183
3209,Dennison Crosswaite,Australia,Baker's Choco Chips,2025-01-11,2025,1,2024-01,1,15163.707,114.41616
3210,Beverie Moffet,UK,50% Dark Bites,2025-02-09,2025,2,2024-02,1,2268.4465,136.25708
3211,Van Tuxwell,UK,Almond Choco,2025-06-06,2025,6,2024-06,2,8214.0,131.68004
3212,Dotty Strutley,UK,Caramel Stuffed Bars,2025-08-10,2025,8,2024-08,3,16950.55,134.73828
3213,Wilone O'Kielt,Australia,Smooth Silky Salty,2025-01-04,2025,1,2024-01,1,2417.5947,153.17996
3214,Andria Kimpton,Canada,70% Dark Bites,2025-04-08,2025,4,2024-04,2,12357.468,121.44535
3215,Barr Faughny,UK,Milk Bars,2025-03-02,2025,3,2024-03,1,4441.038,135.74538
3216,Van Tuxwell,Canada,Drinking Choco,2025-06-15,2025,6,2024-06,2,6541.599,138.83664
3217,Jehu Rudeforth,Australia,After Nines,2025-02-14,2025,2,2024-02,1,3230.6318,120.09279
3218,Husein Augar,UK,After Nines,2025-07-05,2025,7,2024-07,3,9819.914,152.25887
3219,Barr Faughny,India,Mint Chip Choco,2025-01-12,2025,1,2024-01,1,6656.5537,139.86322
3220,Curtice Advani,India,Mint Chip Choco,2025-03-03,2025,3,2024-03,1,7684.6753,122.82694
3221,Jehu Rudeforth,New Zealand,Milk Bars,2025-05-18,2025,5,2024-05,2,5889.796,149.58488
3222,Gunar Cockshoot,India,Caramel Stuffed Bars,2025-07-28,2025,7,2024-07,3,1703.6521,162.6251
3223,Curtice Advani,UK,Manuka Honey Choco,2025-02-07,2025,2,2024-02,1,3023.5151,94.44979
3224,Andria Kimpton,India,Orange Choco,2025-05-30,2025,5,2024-05,2,3782.2642,111.224686
3225,Mallorie Waber,Australia,Raspberry Choco,2025-04-25,2025,4,2024-04,2,9907.457,127.9102
3226,Beverie Moffet,Canada,85% Dark Bars,2025-02-16,2025,2,2024-02,1,17539.37,133.6001
3227,Kelci Walkden,Australia,Drinking Choco,2025-05-04,2025,5,2024-05,2,8100.2188,127.85865
3228,Van Tuxwell,Canada,70% Dark Bites,2025-06-02,2025,6,2024-06,2,8072.0596,134.22485
3229,Dennison Crosswaite,USA,Caramel Stuffed Bars,2025-07-11,2025,7,2024-07,3,2300.9895,158.17128
3230,Beverie Moffet,New Zealand,Spicy Special Slims,2025-06-07,2025,6,2024-06,2,3631.556,136.9618
3231,Jan Morforth,UK,Almond Choco,2025-07-06,2025,7,2024-07,3,8451.191,128.31625
3232,Husein Augar,India,Raspberry Choco,2025-06-15,2025,6,2024-06,2,10661.802,126.52907
3233,Dotty Strutley,India,Mint Chip Choco,2025-04-14,2025,4,2024-04,2,3675.2683,180.67944
3234,Camilla Castle,India,Drinking Choco,2025-08-08,2025,8,2024-08,3,7126.4927,168.9362
3235,Marney O'Breen,UK,Drinking Choco,2025-03-29,2025,3,2024-03,1,2248.6338,104.881424
3236,Roddy Speechley,Australia,Organic Choco Syrup,2025-07-04,2025,7,2024-07,3,3942.1106,141.97035
3237,Ches Bonnell,India,99% Dark & Pure,2025-02-16,2025,2,2024-02,1,2734.9243,209.72508
3238,Rafaelita Blaksland,Canada,Spicy Special Slims,2025-05-02,2025,5,2024-05,2,6028.9106,146.57062
3239,Van Tuxwell,India,Eclairs,2025-07-21,2025,7,2024-07,3,10127.873,119.432594
3240,Gunar Cockshoot,Australia,99% Dark & Pure,2025-08-18,2025,8,2024-08,3,2887.8154,159.3116
3241,Kaine Padly,USA,85% Dark Bars,2025-06-22,2025,6,2024-06,2,1250.6826,132.99756
3242,Camilla Castle,UK,Peanut Butter Cubes,2025-07-19,2025,7,2024-07,3,11367.114,151.67097
3243,Madelene Upcott,UK,Peanut Butter Cubes,2025-08-12,2025,8,2024-08,3,12640.034,169.95692
3244,Madelene Upcott,USA,Choco Coated Almonds,2025-06-07,2025,6,2024-06,2,8266.672,178.25801
3245,Marney O'Breen,Canada,Peanut Butter Cubes,2025-03-08,2025,3,2024-03,1,4416.437,147.06647
3246,Ches Bonnell,Australia,Choco Coated Almonds,2025-04-08,2025,4,2024-04,2,6974.0176,173.56323
3247,Curtice Advani,Canada,Eclairs,2025-05-06,2025,5,2024-05,2,2748.8547,168.34877
3248,Roddy Speechley,India,Drinking Choco,2025-05-31,2025,5,2024-05,2,8854.274,117.278946
3249,Van Tuxwell,Australia,Mint Chip Choco,2025-01-13,2025,1,2024-01,1,5640.5996,179.48717
3250,Dennison Crosswaite,USA,70% Dark Bites,2025-03-15,2025,3,2024-03,1,3864.2356,155.47295
3251,Andria Kimpton,Canada,Peanut Butter Cubes,2025-02-16,2025,2,2024-02,1,3670.1987,133.11327
3252,Gigi Bohling,USA,70% Dark Bites,2025-01-14,2025,1,2024-01,1,3045.952,95.84916
3253,Rafaelita Blaksland,Australia,White Choc,2025-03-21,2025,3,2024-03,1,4377.0933,147.65636
3254,Roddy Speechley,Canada,Drinking Choco,2025-05-17,2025,5,2024-05,2,8035.872,125.70922
3255,Camilla Castle,New Zealand,85% Dark Bars,2025-08-08,2025,8,2024-08,3,8628.49,102.277626
3256,Madelene Upcott,Canada,Milk Bars,2025-04-26,2025,4,2024-04,2,9419.208,172.65948
3257,Madelene Upcott,Australia,70% Dark Bites,2025-04-15,2025,4,2024-04,2,8495.1875,154.22858
3258,Oby Sorrel,Canada,Eclairs,2025-05-19,2025,5,2024-05,2,4178.9844,176.211
3259,Dennison Crosswaite,Canada,Drinking Choco,2025-01-10,2025,1,2024-01,1,4968.604,149.17232
3260,Mallorie Waber,New Zealand,After Nines,2025-05-04,2025,5,2024-05,2,415.86588,135.74397
3261,Roddy Speechley,Canada,White Choc,2025-04-05,2025,4,2024-04,2,5230.993,141.14105
3262,Andria Kimpton,India,After Nines,2025-01-17,2025,1,2024-01,1,1688.4133,100.41382
3263,Roddy Speechley,India,Spicy Special Slims,2025-03-22,2025,3,2024-03,1,8537.24,90.41567
3264,Dotty Strutley,Australia,White Choc,2025-07-05,2025,7,2024-07,3,6974.166,147.01318
3265,Oby Sorrel,Canada,Orange Choco,2025-04-27,2025,4,2024-04,2,9409.641,122.9297
3266,Kaine Padly,Canada,Almond Choco,2025-08-12,2025,8,2024-08,3,5187.523,117.97182
3267,Jan Morforth,UK,Baker's Choco Chips,2025-03-11,2025,3,2024-03,1,5710.0234,168.47002
3268,Jehu Rudeforth,UK,Fruit & Nut Bars,2025-05-13,2025,5,2024-05,2,11955.305,140.14117
3269,Dennison Crosswaite,USA,Smooth Silky Salty,2025-05-12,2025,5,2024-05,2,5510.6436,146.81508
3270,Brien Boise,USA,Raspberry Choco,2025-01-12,2025,1,2024-01,1,6889.2505,158.53732
3271,Madelene Upcott,New Zealand,Milk Bars,2025-03-29,2025,3,2024-03,1,12274.594,124.97641
3272,Roddy Speechley,India,50% Dark Bites,2025-03-14,2025,3,2024-03,1,10525.488,104.567696
3273,Barr Faughny,New Zealand,99% Dark & Pure,2025-05-24,2025,5,2024-05,2,12978.519,98.05006
3274,Dennison Crosswaite,Canada,Organic Choco Syrup,2025-01-28,2025,1,2024-01,1,4465.455,172.99461
3275,Beverie Moffet,India,Almond Choco,2025-05-24,2025,5,2024-05,2,1714.9456,135.5594
3276,Brien Boise,Australia,Peanut Butter Cubes,2025-08-19,2025,8,2024-08,3,8740.775,143.02559
3277,Karlen McCaffrey,Australia,Spicy Special Slims,2025-05-17,2025,5,2024-05,2,6772.295,129.2405
3278,Jehu Rudeforth,USA,White Choc,2025-06-07,2025,6,2024-06,2,3536.4265,131.65509
3279,Ches Bonnell,Canada,Organic Choco Syrup,2025-07-26,2025,7,2024-07,3,7945.8354,169.71599
3280,Dotty Strutley,India,Eclairs,2025-07-28,2025,7,2024-07,3,5828.264,122.82809
3281,Karlen McCaffrey,India,70% Dark Bites,2025-05-23,2025,5,2024-05,2,2724.366,123.26086
